id,comment,child_age,area
1,急な通院や役所の手続きのときに、数時間だけ預けられる場所がもっとあると助かります。,0-2歳,中央
2,リフレッシュ目的でも一時預かりを使えると聞きますが、実際には予約が取りにくいです。,0-2歳,西部
3,子どもが熱を出すと仕事を休むしかなく、病児保育の枠が少ないと感じます。,3-5歳,南部
4,土日に勤務がある家庭向けの預かり支援がもう少しあると働き続けやすいです。,小学生,東部
5,補助金や健診の情報が別々のページにあり、何をいつ申請すればよいか分かりにくいです。,0-2歳,中央
6,妊娠中から小学校入学までの手続きを、時期ごとに一覧で見られると安心です。,妊娠中,北部
7,親子で参加できるイベントを探すのに、SNS、広報紙、施設掲示を全部見る必要があります。,3-5歳,西部
8,年齢別、地区別でイベントを検索できるカレンダーがあると参加しやすいです。,小学生,東部
9,こんなことで相談してよいのか迷うので、気軽に聞けるチャットやオンライン相談がほしいです。,0-2歳,南部
10,窓口に行く時間が取りにくく、夜でも相談予約ができると助かります。,3-5歳,中央
11,転入してきたばかりで知り合いが少なく、親子で地域とつながる場がほしいです。,0-2歳,北部
12,同じ悩みを持つ保護者同士で話せる小さな集まりがあると孤立しにくいと思います。,小学生,西部
13,急な通院や役所の手続きのときに、数時間だけ預けられる場所がもっとあると助かります。（同種意見 2）,0-2歳,中央
14,リフレッシュ目的でも一時預かりを使えると聞きますが、実際には予約が取りにくいです。（同種意見 2）,0-2歳,西部
15,子どもが熱を出すと仕事を休むしかなく、病児保育の枠が少ないと感じます。（同種意見 2）,3-5歳,南部
16,土日に勤務がある家庭向けの預かり支援がもう少しあると働き続けやすいです。（同種意見 2）,小学生,東部
17,補助金や健診の情報が別々のページにあり、何をいつ申請すればよいか分かりにくいです。（同種意見 2）,0-2歳,中央
18,妊娠中から小学校入学までの手続きを、時期ごとに一覧で見られると安心です。（同種意見 2）,妊娠中,北部
19,親子で参加できるイベントを探すのに、SNS、広報紙、施設掲示を全部見る必要があります。（同種意見 2）,3-5歳,西部
20,年齢別、地区別でイベントを検索できるカレンダーがあると参加しやすいです。（同種意見 2）,小学生,東部
21,こんなことで相談してよいのか迷うので、気軽に聞けるチャットやオンライン相談がほしいです。（同種意見 2）,0-2歳,南部
22,窓口に行く時間が取りにくく、夜でも相談予約ができると助かります。（同種意見 2）,3-5歳,中央
23,転入してきたばかりで知り合いが少なく、親子で地域とつながる場がほしいです。（同種意見 2）,0-2歳,北部
24,同じ悩みを持つ保護者同士で話せる小さな集まりがあると孤立しにくいと思います。（同種意見 2）,小学生,西部
25,急な通院や役所の手続きのときに、数時間だけ預けられる場所がもっとあると助かります。（同種意見 3）,0-2歳,中央
26,リフレッシュ目的でも一時預かりを使えると聞きますが、実際には予約が取りにくいです。（同種意見 3）,0-2歳,西部
27,子どもが熱を出すと仕事を休むしかなく、病児保育の枠が少ないと感じます。（同種意見 3）,3-5歳,南部
28,土日に勤務がある家庭向けの預かり支援がもう少しあると働き続けやすいです。（同種意見 3）,小学生,東部
29,補助金や健診の情報が別々のページにあり、何をいつ申請すればよいか分かりにくいです。（同種意見 3）,0-2歳,中央
30,妊娠中から小学校入学までの手続きを、時期ごとに一覧で見られると安心です。（同種意見 3）,妊娠中,北部
31,親子で参加できるイベントを探すのに、SNS、広報紙、施設掲示を全部見る必要があります。（同種意見 3）,3-5歳,西部
32,年齢別、地区別でイベントを検索できるカレンダーがあると参加しやすいです。（同種意見 3）,小学生,東部
33,こんなことで相談してよいのか迷うので、気軽に聞けるチャットやオンライン相談がほしいです。（同種意見 3）,0-2歳,南部
34,窓口に行く時間が取りにくく、夜でも相談予約ができると助かります。（同種意見 3）,3-5歳,中央
35,転入してきたばかりで知り合いが少なく、親子で地域とつながる場がほしいです。（同種意見 3）,0-2歳,北部
36,同じ悩みを持つ保護者同士で話せる小さな集まりがあると孤立しにくいと思います。（同種意見 3）,小学生,西部
37,急な通院や役所の手続きのときに、数時間だけ預けられる場所がもっとあると助かります。（同種意見 4）,0-2歳,中央
38,リフレッシュ目的でも一時預かりを使えると聞きますが、実際には予約が取りにくいです。（同種意見 4）,0-2歳,西部
39,子どもが熱を出すと仕事を休むしかなく、病児保育の枠が少ないと感じます。（同種意見 4）,3-5歳,南部
40,土日に勤務がある家庭向けの預かり支援がもう少しあると働き続けやすいです。（同種意見 4）,小学生,東部
41,補助金や健診の情報が別々のページにあり、何をいつ申請すればよいか分かりにくいです。（同種意見 4）,0-2歳,中央
42,妊娠中から小学校入学までの手続きを、時期ごとに一覧で見られると安心です。（同種意見 4）,妊娠中,北部
43,親子で参加できるイベントを探すのに、SNS、広報紙、施設掲示を全部見る必要があります。（同種意見 4）,3-5歳,西部
44,年齢別、地区別でイベントを検索できるカレンダーがあると参加しやすいです。（同種意見 4）,小学生,東部
45,こんなことで相談してよいのか迷うので、気軽に聞けるチャットやオンライン相談がほしいです。（同種意見 4）,0-2歳,南部
46,窓口に行く時間が取りにくく、夜でも相談予約ができると助かります。（同種意見 4）,3-5歳,中央
47,転入してきたばかりで知り合いが少なく、親子で地域とつながる場がほしいです。（同種意見 4）,0-2歳,北部
48,同じ悩みを持つ保護者同士で話せる小さな集まりがあると孤立しにくいと思います。（同種意見 4）,小学生,西部
49,急な通院や役所の手続きのときに、数時間だけ預けられる場所がもっとあると助かります。（同種意見 5）,0-2歳,中央
50,リフレッシュ目的でも一時預かりを使えると聞きますが、実際には予約が取りにくいです。（同種意見 5）,0-2歳,西部
51,子どもが熱を出すと仕事を休むしかなく、病児保育の枠が少ないと感じます。（同種意見 5）,3-5歳,南部
52,土日に勤務がある家庭向けの預かり支援がもう少しあると働き続けやすいです。（同種意見 5）,小学生,東部
53,補助金や健診の情報が別々のページにあり、何をいつ申請すればよいか分かりにくいです。（同種意見 5）,0-2歳,中央
54,妊娠中から小学校入学までの手続きを、時期ごとに一覧で見られると安心です。（同種意見 5）,妊娠中,北部
55,親子で参加できるイベントを探すのに、SNS、広報紙、施設掲示を全部見る必要があります。（同種意見 5）,3-5歳,西部
56,年齢別、地区別でイベントを検索できるカレンダーがあると参加しやすいです。（同種意見 5）,小学生,東部
57,こんなことで相談してよいのか迷うので、気軽に聞けるチャットやオンライン相談がほしいです。（同種意見 5）,0-2歳,南部
58,窓口に行く時間が取りにくく、夜でも相談予約ができると助かります。（同種意見 5）,3-5歳,中央
59,転入してきたばかりで知り合いが少なく、親子で地域とつながる場がほしいです。（同種意見 5）,0-2歳,北部
60,同じ悩みを持つ保護者同士で話せる小さな集まりがあると孤立しにくいと思います。（同種意見 5）,小学生,西部
61,急な通院や役所の手続きのときに、数時間だけ預けられる場所がもっとあると助かります。（同種意見 6）,0-2歳,中央
62,リフレッシュ目的でも一時預かりを使えると聞きますが、実際には予約が取りにくいです。（同種意見 6）,0-2歳,西部
63,子どもが熱を出すと仕事を休むしかなく、病児保育の枠が少ないと感じます。（同種意見 6）,3-5歳,南部
64,土日に勤務がある家庭向けの預かり支援がもう少しあると働き続けやすいです。（同種意見 6）,小学生,東部
65,補助金や健診の情報が別々のページにあり、何をいつ申請すればよいか分かりにくいです。（同種意見 6）,0-2歳,中央
66,妊娠中から小学校入学までの手続きを、時期ごとに一覧で見られると安心です。（同種意見 6）,妊娠中,北部
67,親子で参加できるイベントを探すのに、SNS、広報紙、施設掲示を全部見る必要があります。（同種意見 6）,3-5歳,西部
68,年齢別、地区別でイベントを検索できるカレンダーがあると参加しやすいです。（同種意見 6）,小学生,東部
69,こんなことで相談してよいのか迷うので、気軽に聞けるチャットやオンライン相談がほしいです。（同種意見 6）,0-2歳,南部
70,窓口に行く時間が取りにくく、夜でも相談予約ができると助かります。（同種意見 6）,3-5歳,中央
71,転入してきたばかりで知り合いが少なく、親子で地域とつながる場がほしいです。（同種意見 6）,0-2歳,北部
72,同じ悩みを持つ保護者同士で話せる小さな集まりがあると孤立しにくいと思います。（同種意見 6）,小学生,西部
73,急な通院や役所の手続きのときに、数時間だけ預けられる場所がもっとあると助かります。（同種意見 7）,0-2歳,中央
74,リフレッシュ目的でも一時預かりを使えると聞きますが、実際には予約が取りにくいです。（同種意見 7）,0-2歳,西部
75,子どもが熱を出すと仕事を休むしかなく、病児保育の枠が少ないと感じます。（同種意見 7）,3-5歳,南部
76,土日に勤務がある家庭向けの預かり支援がもう少しあると働き続けやすいです。（同種意見 7）,小学生,東部
77,補助金や健診の情報が別々のページにあり、何をいつ申請すればよいか分かりにくいです。（同種意見 7）,0-2歳,中央
78,妊娠中から小学校入学までの手続きを、時期ごとに一覧で見られると安心です。（同種意見 7）,妊娠中,北部
79,親子で参加できるイベントを探すのに、SNS、広報紙、施設掲示を全部見る必要があります。（同種意見 7）,3-5歳,西部
80,年齢別、地区別でイベントを検索できるカレンダーがあると参加しやすいです。（同種意見 7）,小学生,東部
81,こんなことで相談してよいのか迷うので、気軽に聞けるチャットやオンライン相談がほしいです。（同種意見 7）,0-2歳,南部
82,窓口に行く時間が取りにくく、夜でも相談予約ができると助かります。（同種意見 7）,3-5歳,中央
83,転入してきたばかりで知り合いが少なく、親子で地域とつながる場がほしいです。（同種意見 7）,0-2歳,北部
84,同じ悩みを持つ保護者同士で話せる小さな集まりがあると孤立しにくいと思います。（同種意見 7）,小学生,西部
85,急な通院や役所の手続きのときに、数時間だけ預けられる場所がもっとあると助かります。（同種意見 8）,0-2歳,中央
86,リフレッシュ目的でも一時預かりを使えると聞きますが、実際には予約が取りにくいです。（同種意見 8）,0-2歳,西部
87,子どもが熱を出すと仕事を休むしかなく、病児保育の枠が少ないと感じます。（同種意見 8）,3-5歳,南部
88,土日に勤務がある家庭向けの預かり支援がもう少しあると働き続けやすいです。（同種意見 8）,小学生,東部
89,補助金や健診の情報が別々のページにあり、何をいつ申請すればよいか分かりにくいです。（同種意見 8）,0-2歳,中央
90,妊娠中から小学校入学までの手続きを、時期ごとに一覧で見られると安心です。（同種意見 8）,妊娠中,北部
91,親子で参加できるイベントを探すのに、SNS、広報紙、施設掲示を全部見る必要があります。（同種意見 8）,3-5歳,西部
92,年齢別、地区別でイベントを検索できるカレンダーがあると参加しやすいです。（同種意見 8）,小学生,東部
93,こんなことで相談してよいのか迷うので、気軽に聞けるチャットやオンライン相談がほしいです。（同種意見 8）,0-2歳,南部
94,窓口に行く時間が取りにくく、夜でも相談予約ができると助かります。（同種意見 8）,3-5歳,中央
95,転入してきたばかりで知り合いが少なく、親子で地域とつながる場がほしいです。（同種意見 8）,0-2歳,北部
96,同じ悩みを持つ保護者同士で話せる小さな集まりがあると孤立しにくいと思います。（同種意見 8）,小学生,西部
97,急な通院や役所の手続きのときに、数時間だけ預けられる場所がもっとあると助かります。（同種意見 9）,0-2歳,中央
98,リフレッシュ目的でも一時預かりを使えると聞きますが、実際には予約が取りにくいです。（同種意見 9）,0-2歳,西部
99,子どもが熱を出すと仕事を休むしかなく、病児保育の枠が少ないと感じます。（同種意見 9）,3-5歳,南部
100,土日に勤務がある家庭向けの預かり支援がもう少しあると働き続けやすいです。（同種意見 9）,小学生,東部
101,補助金や健診の情報が別々のページにあり、何をいつ申請すればよいか分かりにくいです。（同種意見 9）,0-2歳,中央
102,妊娠中から小学校入学までの手続きを、時期ごとに一覧で見られると安心です。（同種意見 9）,妊娠中,北部
103,親子で参加できるイベントを探すのに、SNS、広報紙、施設掲示を全部見る必要があります。（同種意見 9）,3-5歳,西部
104,年齢別、地区別でイベントを検索できるカレンダーがあると参加しやすいです。（同種意見 9）,小学生,東部
105,こんなことで相談してよいのか迷うので、気軽に聞けるチャットやオンライン相談がほしいです。（同種意見 9）,0-2歳,南部
106,窓口に行く時間が取りにくく、夜でも相談予約ができると助かります。（同種意見 9）,3-5歳,中央
107,転入してきたばかりで知り合いが少なく、親子で地域とつながる場がほしいです。（同種意見 9）,0-2歳,北部
108,同じ悩みを持つ保護者同士で話せる小さな集まりがあると孤立しにくいと思います。（同種意見 9）,小学生,西部
109,急な通院や役所の手続きのときに、数時間だけ預けられる場所がもっとあると助かります。（同種意見 10）,0-2歳,中央
110,リフレッシュ目的でも一時預かりを使えると聞きますが、実際には予約が取りにくいです。（同種意見 10）,0-2歳,西部
111,子どもが熱を出すと仕事を休むしかなく、病児保育の枠が少ないと感じます。（同種意見 10）,3-5歳,南部
112,土日に勤務がある家庭向けの預かり支援がもう少しあると働き続けやすいです。（同種意見 10）,小学生,東部
113,補助金や健診の情報が別々のページにあり、何をいつ申請すればよいか分かりにくいです。（同種意見 10）,0-2歳,中央
114,妊娠中から小学校入学までの手続きを、時期ごとに一覧で見られると安心です。（同種意見 10）,妊娠中,北部
115,親子で参加できるイベントを探すのに、SNS、広報紙、施設掲示を全部見る必要があります。（同種意見 10）,3-5歳,西部
116,年齢別、地区別でイベントを検索できるカレンダーがあると参加しやすいです。（同種意見 10）,小学生,東部
117,こんなことで相談してよいのか迷うので、気軽に聞けるチャットやオンライン相談がほしいです。（同種意見 10）,0-2歳,南部
118,窓口に行く時間が取りにくく、夜でも相談予約ができると助かります。（同種意見 10）,3-5歳,中央
119,転入してきたばかりで知り合いが少なく、親子で地域とつながる場がほしいです。（同種意見 10）,0-2歳,北部
120,同じ悩みを持つ保護者同士で話せる小さな集まりがあると孤立しにくいと思います。（同種意見 10）,小学生,西部
121,急な通院や役所の手続きのときに、数時間だけ預けられる場所がもっとあると助かります。（同種意見 11）,0-2歳,中央
122,リフレッシュ目的でも一時預かりを使えると聞きますが、実際には予約が取りにくいです。（同種意見 11）,0-2歳,西部
123,子どもが熱を出すと仕事を休むしかなく、病児保育の枠が少ないと感じます。（同種意見 11）,3-5歳,南部
124,土日に勤務がある家庭向けの預かり支援がもう少しあると働き続けやすいです。（同種意見 11）,小学生,東部
125,補助金や健診の情報が別々のページにあり、何をいつ申請すればよいか分かりにくいです。（同種意見 11）,0-2歳,中央
126,妊娠中から小学校入学までの手続きを、時期ごとに一覧で見られると安心です。（同種意見 11）,妊娠中,北部
127,親子で参加できるイベントを探すのに、SNS、広報紙、施設掲示を全部見る必要があります。（同種意見 11）,3-5歳,西部
128,年齢別、地区別でイベントを検索できるカレンダーがあると参加しやすいです。（同種意見 11）,小学生,東部
129,こんなことで相談してよいのか迷うので、気軽に聞けるチャットやオンライン相談がほしいです。（同種意見 11）,0-2歳,南部
130,窓口に行く時間が取りにくく、夜でも相談予約ができると助かります。（同種意見 11）,3-5歳,中央
131,転入してきたばかりで知り合いが少なく、親子で地域とつながる場がほしいです。（同種意見 11）,0-2歳,北部
132,同じ悩みを持つ保護者同士で話せる小さな集まりがあると孤立しにくいと思います。（同種意見 11）,小学生,西部
133,急な通院や役所の手続きのときに、数時間だけ預けられる場所がもっとあると助かります。（同種意見 12）,0-2歳,中央
134,リフレッシュ目的でも一時預かりを使えると聞きますが、実際には予約が取りにくいです。（同種意見 12）,0-2歳,西部
135,子どもが熱を出すと仕事を休むしかなく、病児保育の枠が少ないと感じます。（同種意見 12）,3-5歳,南部
136,土日に勤務がある家庭向けの預かり支援がもう少しあると働き続けやすいです。（同種意見 12）,小学生,東部
137,補助金や健診の情報が別々のページにあり、何をいつ申請すればよいか分かりにくいです。（同種意見 12）,0-2歳,中央
138,妊娠中から小学校入学までの手続きを、時期ごとに一覧で見られると安心です。（同種意見 12）,妊娠中,北部
139,親子で参加できるイベントを探すのに、SNS、広報紙、施設掲示を全部見る必要があります。（同種意見 12）,3-5歳,西部
140,年齢別、地区別でイベントを検索できるカレンダーがあると参加しやすいです。（同種意見 12）,小学生,東部
141,こんなことで相談してよいのか迷うので、気軽に聞けるチャットやオンライン相談がほしいです。（同種意見 12）,0-2歳,南部
142,窓口に行く時間が取りにくく、夜でも相談予約ができると助かります。（同種意見 12）,3-5歳,中央
143,転入してきたばかりで知り合いが少なく、親子で地域とつながる場がほしいです。（同種意見 12）,0-2歳,北部
144,同じ悩みを持つ保護者同士で話せる小さな集まりがあると孤立しにくいと思います。（同種意見 12）,小学生,西部
145,急な通院や役所の手続きのときに、数時間だけ預けられる場所がもっとあると助かります。（同種意見 13）,0-2歳,中央
146,リフレッシュ目的でも一時預かりを使えると聞きますが、実際には予約が取りにくいです。（同種意見 13）,0-2歳,西部
147,子どもが熱を出すと仕事を休むしかなく、病児保育の枠が少ないと感じます。（同種意見 13）,3-5歳,南部
148,土日に勤務がある家庭向けの預かり支援がもう少しあると働き続けやすいです。（同種意見 13）,小学生,東部
149,補助金や健診の情報が別々のページにあり、何をいつ申請すればよいか分かりにくいです。（同種意見 13）,0-2歳,中央
150,妊娠中から小学校入学までの手続きを、時期ごとに一覧で見られると安心です。（同種意見 13）,妊娠中,北部
151,親子で参加できるイベントを探すのに、SNS、広報紙、施設掲示を全部見る必要があります。（同種意見 13）,3-5歳,西部
152,年齢別、地区別でイベントを検索できるカレンダーがあると参加しやすいです。（同種意見 13）,小学生,東部
153,こんなことで相談してよいのか迷うので、気軽に聞けるチャットやオンライン相談がほしいです。（同種意見 13）,0-2歳,南部
154,窓口に行く時間が取りにくく、夜でも相談予約ができると助かります。（同種意見 13）,3-5歳,中央
155,転入してきたばかりで知り合いが少なく、親子で地域とつながる場がほしいです。（同種意見 13）,0-2歳,北部
156,同じ悩みを持つ保護者同士で話せる小さな集まりがあると孤立しにくいと思います。（同種意見 13）,小学生,西部
157,急な通院や役所の手続きのときに、数時間だけ預けられる場所がもっとあると助かります。（同種意見 14）,0-2歳,中央
158,リフレッシュ目的でも一時預かりを使えると聞きますが、実際には予約が取りにくいです。（同種意見 14）,0-2歳,西部
159,子どもが熱を出すと仕事を休むしかなく、病児保育の枠が少ないと感じます。（同種意見 14）,3-5歳,南部
160,土日に勤務がある家庭向けの預かり支援がもう少しあると働き続けやすいです。（同種意見 14）,小学生,東部
161,補助金や健診の情報が別々のページにあり、何をいつ申請すればよいか分かりにくいです。（同種意見 14）,0-2歳,中央
162,妊娠中から小学校入学までの手続きを、時期ごとに一覧で見られると安心です。（同種意見 14）,妊娠中,北部
163,親子で参加できるイベントを探すのに、SNS、広報紙、施設掲示を全部見る必要があります。（同種意見 14）,3-5歳,西部
164,年齢別、地区別でイベントを検索できるカレンダーがあると参加しやすいです。（同種意見 14）,小学生,東部
165,こんなことで相談してよいのか迷うので、気軽に聞けるチャットやオンライン相談がほしいです。（同種意見 14）,0-2歳,南部
166,窓口に行く時間が取りにくく、夜でも相談予約ができると助かります。（同種意見 14）,3-5歳,中央
167,転入してきたばかりで知り合いが少なく、親子で地域とつながる場がほしいです。（同種意見 14）,0-2歳,北部
168,同じ悩みを持つ保護者同士で話せる小さな集まりがあると孤立しにくいと思います。（同種意見 14）,小学生,西部
169,急な通院や役所の手続きのときに、数時間だけ預けられる場所がもっとあると助かります。（同種意見 15）,0-2歳,中央
170,リフレッシュ目的でも一時預かりを使えると聞きますが、実際には予約が取りにくいです。（同種意見 15）,0-2歳,西部
171,子どもが熱を出すと仕事を休むしかなく、病児保育の枠が少ないと感じます。（同種意見 15）,3-5歳,南部
172,土日に勤務がある家庭向けの預かり支援がもう少しあると働き続けやすいです。（同種意見 15）,小学生,東部
173,補助金や健診の情報が別々のページにあり、何をいつ申請すればよいか分かりにくいです。（同種意見 15）,0-2歳,中央
174,妊娠中から小学校入学までの手続きを、時期ごとに一覧で見られると安心です。（同種意見 15）,妊娠中,北部
175,親子で参加できるイベントを探すのに、SNS、広報紙、施設掲示を全部見る必要があります。（同種意見 15）,3-5歳,西部
176,年齢別、地区別でイベントを検索できるカレンダーがあると参加しやすいです。（同種意見 15）,小学生,東部
177,こんなことで相談してよいのか迷うので、気軽に聞けるチャットやオンライン相談がほしいです。（同種意見 15）,0-2歳,南部
178,窓口に行く時間が取りにくく、夜でも相談予約ができると助かります。（同種意見 15）,3-5歳,中央
179,転入してきたばかりで知り合いが少なく、親子で地域とつながる場がほしいです。（同種意見 15）,0-2歳,北部
180,同じ悩みを持つ保護者同士で話せる小さな集まりがあると孤立しにくいと思います。（同種意見 15）,小学生,西部
181,急な通院や役所の手続きのときに、数時間だけ預けられる場所がもっとあると助かります。（同種意見 16）,0-2歳,中央
182,リフレッシュ目的でも一時預かりを使えると聞きますが、実際には予約が取りにくいです。（同種意見 16）,0-2歳,西部
183,子どもが熱を出すと仕事を休むしかなく、病児保育の枠が少ないと感じます。（同種意見 16）,3-5歳,南部
184,土日に勤務がある家庭向けの預かり支援がもう少しあると働き続けやすいです。（同種意見 16）,小学生,東部
185,補助金や健診の情報が別々のページにあり、何をいつ申請すればよいか分かりにくいです。（同種意見 16）,0-2歳,中央
186,妊娠中から小学校入学までの手続きを、時期ごとに一覧で見られると安心です。（同種意見 16）,妊娠中,北部
187,親子で参加できるイベントを探すのに、SNS、広報紙、施設掲示を全部見る必要があります。（同種意見 16）,3-5歳,西部
188,年齢別、地区別でイベントを検索できるカレンダーがあると参加しやすいです。（同種意見 16）,小学生,東部
189,こんなことで相談してよいのか迷うので、気軽に聞けるチャットやオンライン相談がほしいです。（同種意見 16）,0-2歳,南部
190,窓口に行く時間が取りにくく、夜でも相談予約ができると助かります。（同種意見 16）,3-5歳,中央
191,転入してきたばかりで知り合いが少なく、親子で地域とつながる場がほしいです。（同種意見 16）,0-2歳,北部
192,同じ悩みを持つ保護者同士で話せる小さな集まりがあると孤立しにくいと思います。（同種意見 16）,小学生,西部
193,急な通院や役所の手続きのときに、数時間だけ預けられる場所がもっとあると助かります。（同種意見 17）,0-2歳,中央
194,リフレッシュ目的でも一時預かりを使えると聞きますが、実際には予約が取りにくいです。（同種意見 17）,0-2歳,西部
195,子どもが熱を出すと仕事を休むしかなく、病児保育の枠が少ないと感じます。（同種意見 17）,3-5歳,南部
196,土日に勤務がある家庭向けの預かり支援がもう少しあると働き続けやすいです。（同種意見 17）,小学生,東部
197,補助金や健診の情報が別々のページにあり、何をいつ申請すればよいか分かりにくいです。（同種意見 17）,0-2歳,中央
198,妊娠中から小学校入学までの手続きを、時期ごとに一覧で見られると安心です。（同種意見 17）,妊娠中,北部
199,親子で参加できるイベントを探すのに、SNS、広報紙、施設掲示を全部見る必要があります。（同種意見 17）,3-5歳,西部
200,年齢別、地区別でイベントを検索できるカレンダーがあると参加しやすいです。（同種意見 17）,小学生,東部
201,こんなことで相談してよいのか迷うので、気軽に聞けるチャットやオンライン相談がほしいです。（同種意見 17）,0-2歳,南部
202,窓口に行く時間が取りにくく、夜でも相談予約ができると助かります。（同種意見 17）,3-5歳,中央
203,転入してきたばかりで知り合いが少なく、親子で地域とつながる場がほしいです。（同種意見 17）,0-2歳,北部
204,同じ悩みを持つ保護者同士で話せる小さな集まりがあると孤立しにくいと思います。（同種意見 17）,小学生,西部
205,急な通院や役所の手続きのときに、数時間だけ預けられる場所がもっとあると助かります。（同種意見 18）,0-2歳,中央
206,リフレッシュ目的でも一時預かりを使えると聞きますが、実際には予約が取りにくいです。（同種意見 18）,0-2歳,西部
207,子どもが熱を出すと仕事を休むしかなく、病児保育の枠が少ないと感じます。（同種意見 18）,3-5歳,南部
208,土日に勤務がある家庭向けの預かり支援がもう少しあると働き続けやすいです。（同種意見 18）,小学生,東部
209,補助金や健診の情報が別々のページにあり、何をいつ申請すればよいか分かりにくいです。（同種意見 18）,0-2歳,中央
210,妊娠中から小学校入学までの手続きを、時期ごとに一覧で見られると安心です。（同種意見 18）,妊娠中,北部
211,親子で参加できるイベントを探すのに、SNS、広報紙、施設掲示を全部見る必要があります。（同種意見 18）,3-5歳,西部
212,年齢別、地区別でイベントを検索できるカレンダーがあると参加しやすいです。（同種意見 18）,小学生,東部
213,こんなことで相談してよいのか迷うので、気軽に聞けるチャットやオンライン相談がほしいです。（同種意見 18）,0-2歳,南部
214,窓口に行く時間が取りにくく、夜でも相談予約ができると助かります。（同種意見 18）,3-5歳,中央
215,転入してきたばかりで知り合いが少なく、親子で地域とつながる場がほしいです。（同種意見 18）,0-2歳,北部
216,同じ悩みを持つ保護者同士で話せる小さな集まりがあると孤立しにくいと思います。（同種意見 18）,小学生,西部
217,急な通院や役所の手続きのときに、数時間だけ預けられる場所がもっとあると助かります。（同種意見 19）,0-2歳,中央
218,リフレッシュ目的でも一時預かりを使えると聞きますが、実際には予約が取りにくいです。（同種意見 19）,0-2歳,西部
219,子どもが熱を出すと仕事を休むしかなく、病児保育の枠が少ないと感じます。（同種意見 19）,3-5歳,南部
220,土日に勤務がある家庭向けの預かり支援がもう少しあると働き続けやすいです。（同種意見 19）,小学生,東部
221,補助金や健診の情報が別々のページにあり、何をいつ申請すればよいか分かりにくいです。（同種意見 19）,0-2歳,中央
222,妊娠中から小学校入学までの手続きを、時期ごとに一覧で見られると安心です。（同種意見 19）,妊娠中,北部
223,親子で参加できるイベントを探すのに、SNS、広報紙、施設掲示を全部見る必要があります。（同種意見 19）,3-5歳,西部
224,年齢別、地区別でイベントを検索できるカレンダーがあると参加しやすいです。（同種意見 19）,小学生,東部
225,こんなことで相談してよいのか迷うので、気軽に聞けるチャットやオンライン相談がほしいです。（同種意見 19）,0-2歳,南部
226,窓口に行く時間が取りにくく、夜でも相談予約ができると助かります。（同種意見 19）,3-5歳,中央
227,転入してきたばかりで知り合いが少なく、親子で地域とつながる場がほしいです。（同種意見 19）,0-2歳,北部
228,同じ悩みを持つ保護者同士で話せる小さな集まりがあると孤立しにくいと思います。（同種意見 19）,小学生,西部
229,急な通院や役所の手続きのときに、数時間だけ預けられる場所がもっとあると助かります。（同種意見 20）,0-2歳,中央
230,リフレッシュ目的でも一時預かりを使えると聞きますが、実際には予約が取りにくいです。（同種意見 20）,0-2歳,西部
231,子どもが熱を出すと仕事を休むしかなく、病児保育の枠が少ないと感じます。（同種意見 20）,3-5歳,南部
232,土日に勤務がある家庭向けの預かり支援がもう少しあると働き続けやすいです。（同種意見 20）,小学生,東部
233,補助金や健診の情報が別々のページにあり、何をいつ申請すればよいか分かりにくいです。（同種意見 20）,0-2歳,中央
234,妊娠中から小学校入学までの手続きを、時期ごとに一覧で見られると安心です。（同種意見 20）,妊娠中,北部
235,親子で参加できるイベントを探すのに、SNS、広報紙、施設掲示を全部見る必要があります。（同種意見 20）,3-5歳,西部
236,年齢別、地区別でイベントを検索できるカレンダーがあると参加しやすいです。（同種意見 20）,小学生,東部
237,こんなことで相談してよいのか迷うので、気軽に聞けるチャットやオンライン相談がほしいです。（同種意見 20）,0-2歳,南部
238,窓口に行く時間が取りにくく、夜でも相談予約ができると助かります。（同種意見 20）,3-5歳,中央
239,転入してきたばかりで知り合いが少なく、親子で地域とつながる場がほしいです。（同種意見 20）,0-2歳,北部
240,同じ悩みを持つ保護者同士で話せる小さな集まりがあると孤立しにくいと思います。（同種意見 20）,小学生,西部
241,急な通院や役所の手続きのときに、数時間だけ預けられる場所がもっとあると助かります。（同種意見 21）,0-2歳,中央
242,リフレッシュ目的でも一時預かりを使えると聞きますが、実際には予約が取りにくいです。（同種意見 21）,0-2歳,西部
243,子どもが熱を出すと仕事を休むしかなく、病児保育の枠が少ないと感じます。（同種意見 21）,3-5歳,南部
244,土日に勤務がある家庭向けの預かり支援がもう少しあると働き続けやすいです。（同種意見 21）,小学生,東部
245,補助金や健診の情報が別々のページにあり、何をいつ申請すればよいか分かりにくいです。（同種意見 21）,0-2歳,中央
246,妊娠中から小学校入学までの手続きを、時期ごとに一覧で見られると安心です。（同種意見 21）,妊娠中,北部
247,親子で参加できるイベントを探すのに、SNS、広報紙、施設掲示を全部見る必要があります。（同種意見 21）,3-5歳,西部
248,年齢別、地区別でイベントを検索できるカレンダーがあると参加しやすいです。（同種意見 21）,小学生,東部
249,こんなことで相談してよいのか迷うので、気軽に聞けるチャットやオンライン相談がほしいです。（同種意見 21）,0-2歳,南部
250,窓口に行く時間が取りにくく、夜でも相談予約ができると助かります。（同種意見 21）,3-5歳,中央
251,転入してきたばかりで知り合いが少なく、親子で地域とつながる場がほしいです。（同種意見 21）,0-2歳,北部
252,同じ悩みを持つ保護者同士で話せる小さな集まりがあると孤立しにくいと思います。（同種意見 21）,小学生,西部
253,急な通院や役所の手続きのときに、数時間だけ預けられる場所がもっとあると助かります。（同種意見 22）,0-2歳,中央
254,リフレッシュ目的でも一時預かりを使えると聞きますが、実際には予約が取りにくいです。（同種意見 22）,0-2歳,西部
255,子どもが熱を出すと仕事を休むしかなく、病児保育の枠が少ないと感じます。（同種意見 22）,3-5歳,南部
256,土日に勤務がある家庭向けの預かり支援がもう少しあると働き続けやすいです。（同種意見 22）,小学生,東部
257,補助金や健診の情報が別々のページにあり、何をいつ申請すればよいか分かりにくいです。（同種意見 22）,0-2歳,中央
258,妊娠中から小学校入学までの手続きを、時期ごとに一覧で見られると安心です。（同種意見 22）,妊娠中,北部
259,親子で参加できるイベントを探すのに、SNS、広報紙、施設掲示を全部見る必要があります。（同種意見 22）,3-5歳,西部
260,年齢別、地区別でイベントを検索できるカレンダーがあると参加しやすいです。（同種意見 22）,小学生,東部
261,こんなことで相談してよいのか迷うので、気軽に聞けるチャットやオンライン相談がほしいです。（同種意見 22）,0-2歳,南部
262,窓口に行く時間が取りにくく、夜でも相談予約ができると助かります。（同種意見 22）,3-5歳,中央
263,転入してきたばかりで知り合いが少なく、親子で地域とつながる場がほしいです。（同種意見 22）,0-2歳,北部
264,同じ悩みを持つ保護者同士で話せる小さな集まりがあると孤立しにくいと思います。（同種意見 22）,小学生,西部
265,急な通院や役所の手続きのときに、数時間だけ預けられる場所がもっとあると助かります。（同種意見 23）,0-2歳,中央
266,リフレッシュ目的でも一時預かりを使えると聞きますが、実際には予約が取りにくいです。（同種意見 23）,0-2歳,西部
267,子どもが熱を出すと仕事を休むしかなく、病児保育の枠が少ないと感じます。（同種意見 23）,3-5歳,南部
268,土日に勤務がある家庭向けの預かり支援がもう少しあると働き続けやすいです。（同種意見 23）,小学生,東部
269,補助金や健診の情報が別々のページにあり、何をいつ申請すればよいか分かりにくいです。（同種意見 23）,0-2歳,中央
270,妊娠中から小学校入学までの手続きを、時期ごとに一覧で見られると安心です。（同種意見 23）,妊娠中,北部
271,親子で参加できるイベントを探すのに、SNS、広報紙、施設掲示を全部見る必要があります。（同種意見 23）,3-5歳,西部
272,年齢別、地区別でイベントを検索できるカレンダーがあると参加しやすいです。（同種意見 23）,小学生,東部
273,こんなことで相談してよいのか迷うので、気軽に聞けるチャットやオンライン相談がほしいです。（同種意見 23）,0-2歳,南部
274,窓口に行く時間が取りにくく、夜でも相談予約ができると助かります。（同種意見 23）,3-5歳,中央
275,転入してきたばかりで知り合いが少なく、親子で地域とつながる場がほしいです。（同種意見 23）,0-2歳,北部
276,同じ悩みを持つ保護者同士で話せる小さな集まりがあると孤立しにくいと思います。（同種意見 23）,小学生,西部
277,急な通院や役所の手続きのときに、数時間だけ預けられる場所がもっとあると助かります。（同種意見 24）,0-2歳,中央
278,リフレッシュ目的でも一時預かりを使えると聞きますが、実際には予約が取りにくいです。（同種意見 24）,0-2歳,西部
279,子どもが熱を出すと仕事を休むしかなく、病児保育の枠が少ないと感じます。（同種意見 24）,3-5歳,南部
280,土日に勤務がある家庭向けの預かり支援がもう少しあると働き続けやすいです。（同種意見 24）,小学生,東部
281,補助金や健診の情報が別々のページにあり、何をいつ申請すればよいか分かりにくいです。（同種意見 24）,0-2歳,中央
282,妊娠中から小学校入学までの手続きを、時期ごとに一覧で見られると安心です。（同種意見 24）,妊娠中,北部
283,親子で参加できるイベントを探すのに、SNS、広報紙、施設掲示を全部見る必要があります。（同種意見 24）,3-5歳,西部
284,年齢別、地区別でイベントを検索できるカレンダーがあると参加しやすいです。（同種意見 24）,小学生,東部
285,こんなことで相談してよいのか迷うので、気軽に聞けるチャットやオンライン相談がほしいです。（同種意見 24）,0-2歳,南部
286,窓口に行く時間が取りにくく、夜でも相談予約ができると助かります。（同種意見 24）,3-5歳,中央
287,転入してきたばかりで知り合いが少なく、親子で地域とつながる場がほしいです。（同種意見 24）,0-2歳,北部
288,同じ悩みを持つ保護者同士で話せる小さな集まりがあると孤立しにくいと思います。（同種意見 24）,小学生,西部
289,急な通院や役所の手続きのときに、数時間だけ預けられる場所がもっとあると助かります。（同種意見 25）,0-2歳,中央
290,リフレッシュ目的でも一時預かりを使えると聞きますが、実際には予約が取りにくいです。（同種意見 25）,0-2歳,西部
291,子どもが熱を出すと仕事を休むしかなく、病児保育の枠が少ないと感じます。（同種意見 25）,3-5歳,南部
292,土日に勤務がある家庭向けの預かり支援がもう少しあると働き続けやすいです。（同種意見 25）,小学生,東部
293,補助金や健診の情報が別々のページにあり、何をいつ申請すればよいか分かりにくいです。（同種意見 25）,0-2歳,中央
294,妊娠中から小学校入学までの手続きを、時期ごとに一覧で見られると安心です。（同種意見 25）,妊娠中,北部
295,親子で参加できるイベントを探すのに、SNS、広報紙、施設掲示を全部見る必要があります。（同種意見 25）,3-5歳,西部
296,年齢別、地区別でイベントを検索できるカレンダーがあると参加しやすいです。（同種意見 25）,小学生,東部
297,こんなことで相談してよいのか迷うので、気軽に聞けるチャットやオンライン相談がほしいです。（同種意見 25）,0-2歳,南部
298,窓口に行く時間が取りにくく、夜でも相談予約ができると助かります。（同種意見 25）,3-5歳,中央
299,転入してきたばかりで知り合いが少なく、親子で地域とつながる場がほしいです。（同種意見 25）,0-2歳,北部
300,同じ悩みを持つ保護者同士で話せる小さな集まりがあると孤立しにくいと思います。（同種意見 25）,小学生,西部
301,急な通院や役所の手続きのときに、数時間だけ預けられる場所がもっとあると助かります。（同種意見 26）,0-2歳,中央
302,リフレッシュ目的でも一時預かりを使えると聞きますが、実際には予約が取りにくいです。（同種意見 26）,0-2歳,西部
303,子どもが熱を出すと仕事を休むしかなく、病児保育の枠が少ないと感じます。（同種意見 26）,3-5歳,南部
304,土日に勤務がある家庭向けの預かり支援がもう少しあると働き続けやすいです。（同種意見 26）,小学生,東部
305,補助金や健診の情報が別々のページにあり、何をいつ申請すればよいか分かりにくいです。（同種意見 26）,0-2歳,中央
306,妊娠中から小学校入学までの手続きを、時期ごとに一覧で見られると安心です。（同種意見 26）,妊娠中,北部
307,親子で参加できるイベントを探すのに、SNS、広報紙、施設掲示を全部見る必要があります。（同種意見 26）,3-5歳,西部
308,年齢別、地区別でイベントを検索できるカレンダーがあると参加しやすいです。（同種意見 26）,小学生,東部
309,こんなことで相談してよいのか迷うので、気軽に聞けるチャットやオンライン相談がほしいです。（同種意見 26）,0-2歳,南部
310,窓口に行く時間が取りにくく、夜でも相談予約ができると助かります。（同種意見 26）,3-5歳,中央
311,転入してきたばかりで知り合いが少なく、親子で地域とつながる場がほしいです。（同種意見 26）,0-2歳,北部
312,同じ悩みを持つ保護者同士で話せる小さな集まりがあると孤立しにくいと思います。（同種意見 26）,小学生,西部
313,急な通院や役所の手続きのときに、数時間だけ預けられる場所がもっとあると助かります。（同種意見 27）,0-2歳,中央
314,リフレッシュ目的でも一時預かりを使えると聞きますが、実際には予約が取りにくいです。（同種意見 27）,0-2歳,西部
315,子どもが熱を出すと仕事を休むしかなく、病児保育の枠が少ないと感じます。（同種意見 27）,3-5歳,南部
316,土日に勤務がある家庭向けの預かり支援がもう少しあると働き続けやすいです。（同種意見 27）,小学生,東部
317,補助金や健診の情報が別々のページにあり、何をいつ申請すればよいか分かりにくいです。（同種意見 27）,0-2歳,中央
318,妊娠中から小学校入学までの手続きを、時期ごとに一覧で見られると安心です。（同種意見 27）,妊娠中,北部
319,親子で参加できるイベントを探すのに、SNS、広報紙、施設掲示を全部見る必要があります。（同種意見 27）,3-5歳,西部
320,年齢別、地区別でイベントを検索できるカレンダーがあると参加しやすいです。（同種意見 27）,小学生,東部
321,こんなことで相談してよいのか迷うので、気軽に聞けるチャットやオンライン相談がほしいです。（同種意見 27）,0-2歳,南部
322,窓口に行く時間が取りにくく、夜でも相談予約ができると助かります。（同種意見 27）,3-5歳,中央
323,転入してきたばかりで知り合いが少なく、親子で地域とつながる場がほしいです。（同種意見 27）,0-2歳,北部
324,同じ悩みを持つ保護者同士で話せる小さな集まりがあると孤立しにくいと思います。（同種意見 27）,小学生,西部
325,急な通院や役所の手続きのときに、数時間だけ預けられる場所がもっとあると助かります。（同種意見 28）,0-2歳,中央
326,リフレッシュ目的でも一時預かりを使えると聞きますが、実際には予約が取りにくいです。（同種意見 28）,0-2歳,西部
327,子どもが熱を出すと仕事を休むしかなく、病児保育の枠が少ないと感じます。（同種意見 28）,3-5歳,南部
328,土日に勤務がある家庭向けの預かり支援がもう少しあると働き続けやすいです。（同種意見 28）,小学生,東部
329,補助金や健診の情報が別々のページにあり、何をいつ申請すればよいか分かりにくいです。（同種意見 28）,0-2歳,中央
330,妊娠中から小学校入学までの手続きを、時期ごとに一覧で見られると安心です。（同種意見 28）,妊娠中,北部
331,親子で参加できるイベントを探すのに、SNS、広報紙、施設掲示を全部見る必要があります。（同種意見 28）,3-5歳,西部
332,年齢別、地区別でイベントを検索できるカレンダーがあると参加しやすいです。（同種意見 28）,小学生,東部
333,こんなことで相談してよいのか迷うので、気軽に聞けるチャットやオンライン相談がほしいです。（同種意見 28）,0-2歳,南部
334,窓口に行く時間が取りにくく、夜でも相談予約ができると助かります。（同種意見 28）,3-5歳,中央
335,転入してきたばかりで知り合いが少なく、親子で地域とつながる場がほしいです。（同種意見 28）,0-2歳,北部
336,同じ悩みを持つ保護者同士で話せる小さな集まりがあると孤立しにくいと思います。（同種意見 28）,小学生,西部
337,急な通院や役所の手続きのときに、数時間だけ預けられる場所がもっとあると助かります。（同種意見 29）,0-2歳,中央
338,リフレッシュ目的でも一時預かりを使えると聞きますが、実際には予約が取りにくいです。（同種意見 29）,0-2歳,西部
339,子どもが熱を出すと仕事を休むしかなく、病児保育の枠が少ないと感じます。（同種意見 29）,3-5歳,南部
340,土日に勤務がある家庭向けの預かり支援がもう少しあると働き続けやすいです。（同種意見 29）,小学生,東部
341,補助金や健診の情報が別々のページにあり、何をいつ申請すればよいか分かりにくいです。（同種意見 29）,0-2歳,中央
342,妊娠中から小学校入学までの手続きを、時期ごとに一覧で見られると安心です。（同種意見 29）,妊娠中,北部
343,親子で参加できるイベントを探すのに、SNS、広報紙、施設掲示を全部見る必要があります。（同種意見 29）,3-5歳,西部
344,年齢別、地区別でイベントを検索できるカレンダーがあると参加しやすいです。（同種意見 29）,小学生,東部
345,こんなことで相談してよいのか迷うので、気軽に聞けるチャットやオンライン相談がほしいです。（同種意見 29）,0-2歳,南部
346,窓口に行く時間が取りにくく、夜でも相談予約ができると助かります。（同種意見 29）,3-5歳,中央
347,転入してきたばかりで知り合いが少なく、親子で地域とつながる場がほしいです。（同種意見 29）,0-2歳,北部
348,同じ悩みを持つ保護者同士で話せる小さな集まりがあると孤立しにくいと思います。（同種意見 29）,小学生,西部
349,急な通院や役所の手続きのときに、数時間だけ預けられる場所がもっとあると助かります。（同種意見 30）,0-2歳,中央
350,リフレッシュ目的でも一時預かりを使えると聞きますが、実際には予約が取りにくいです。（同種意見 30）,0-2歳,西部
351,子どもが熱を出すと仕事を休むしかなく、病児保育の枠が少ないと感じます。（同種意見 30）,3-5歳,南部
352,土日に勤務がある家庭向けの預かり支援がもう少しあると働き続けやすいです。（同種意見 30）,小学生,東部
353,補助金や健診の情報が別々のページにあり、何をいつ申請すればよいか分かりにくいです。（同種意見 30）,0-2歳,中央
354,妊娠中から小学校入学までの手続きを、時期ごとに一覧で見られると安心です。（同種意見 30）,妊娠中,北部
355,親子で参加できるイベントを探すのに、SNS、広報紙、施設掲示を全部見る必要があります。（同種意見 30）,3-5歳,西部
356,年齢別、地区別でイベントを検索できるカレンダーがあると参加しやすいです。（同種意見 30）,小学生,東部
357,こんなことで相談してよいのか迷うので、気軽に聞けるチャットやオンライン相談がほしいです。（同種意見 30）,0-2歳,南部
358,窓口に行く時間が取りにくく、夜でも相談予約ができると助かります。（同種意見 30）,3-5歳,中央
359,転入してきたばかりで知り合いが少なく、親子で地域とつながる場がほしいです。（同種意見 30）,0-2歳,北部
360,同じ悩みを持つ保護者同士で話せる小さな集まりがあると孤立しにくいと思います。（同種意見 30）,小学生,西部
361,急な通院や役所の手続きのときに、数時間だけ預けられる場所がもっとあると助かります。（同種意見 31）,0-2歳,中央
362,リフレッシュ目的でも一時預かりを使えると聞きますが、実際には予約が取りにくいです。（同種意見 31）,0-2歳,西部
363,子どもが熱を出すと仕事を休むしかなく、病児保育の枠が少ないと感じます。（同種意見 31）,3-5歳,南部
364,土日に勤務がある家庭向けの預かり支援がもう少しあると働き続けやすいです。（同種意見 31）,小学生,東部
365,補助金や健診の情報が別々のページにあり、何をいつ申請すればよいか分かりにくいです。（同種意見 31）,0-2歳,中央
366,妊娠中から小学校入学までの手続きを、時期ごとに一覧で見られると安心です。（同種意見 31）,妊娠中,北部
367,親子で参加できるイベントを探すのに、SNS、広報紙、施設掲示を全部見る必要があります。（同種意見 31）,3-5歳,西部
368,年齢別、地区別でイベントを検索できるカレンダーがあると参加しやすいです。（同種意見 31）,小学生,東部
369,こんなことで相談してよいのか迷うので、気軽に聞けるチャットやオンライン相談がほしいです。（同種意見 31）,0-2歳,南部
370,窓口に行く時間が取りにくく、夜でも相談予約ができると助かります。（同種意見 31）,3-5歳,中央
371,転入してきたばかりで知り合いが少なく、親子で地域とつながる場がほしいです。（同種意見 31）,0-2歳,北部
372,同じ悩みを持つ保護者同士で話せる小さな集まりがあると孤立しにくいと思います。（同種意見 31）,小学生,西部
373,急な通院や役所の手続きのときに、数時間だけ預けられる場所がもっとあると助かります。（同種意見 32）,0-2歳,中央
374,リフレッシュ目的でも一時預かりを使えると聞きますが、実際には予約が取りにくいです。（同種意見 32）,0-2歳,西部
375,子どもが熱を出すと仕事を休むしかなく、病児保育の枠が少ないと感じます。（同種意見 32）,3-5歳,南部
376,土日に勤務がある家庭向けの預かり支援がもう少しあると働き続けやすいです。（同種意見 32）,小学生,東部
377,補助金や健診の情報が別々のページにあり、何をいつ申請すればよいか分かりにくいです。（同種意見 32）,0-2歳,中央
378,妊娠中から小学校入学までの手続きを、時期ごとに一覧で見られると安心です。（同種意見 32）,妊娠中,北部
379,親子で参加できるイベントを探すのに、SNS、広報紙、施設掲示を全部見る必要があります。（同種意見 32）,3-5歳,西部
380,年齢別、地区別でイベントを検索できるカレンダーがあると参加しやすいです。（同種意見 32）,小学生,東部
381,こんなことで相談してよいのか迷うので、気軽に聞けるチャットやオンライン相談がほしいです。（同種意見 32）,0-2歳,南部
382,窓口に行く時間が取りにくく、夜でも相談予約ができると助かります。（同種意見 32）,3-5歳,中央
383,転入してきたばかりで知り合いが少なく、親子で地域とつながる場がほしいです。（同種意見 32）,0-2歳,北部
384,同じ悩みを持つ保護者同士で話せる小さな集まりがあると孤立しにくいと思います。（同種意見 32）,小学生,西部
385,急な通院や役所の手続きのときに、数時間だけ預けられる場所がもっとあると助かります。（同種意見 33）,0-2歳,中央
386,リフレッシュ目的でも一時預かりを使えると聞きますが、実際には予約が取りにくいです。（同種意見 33）,0-2歳,西部
387,子どもが熱を出すと仕事を休むしかなく、病児保育の枠が少ないと感じます。（同種意見 33）,3-5歳,南部
388,土日に勤務がある家庭向けの預かり支援がもう少しあると働き続けやすいです。（同種意見 33）,小学生,東部
389,補助金や健診の情報が別々のページにあり、何をいつ申請すればよいか分かりにくいです。（同種意見 33）,0-2歳,中央
390,妊娠中から小学校入学までの手続きを、時期ごとに一覧で見られると安心です。（同種意見 33）,妊娠中,北部
391,親子で参加できるイベントを探すのに、SNS、広報紙、施設掲示を全部見る必要があります。（同種意見 33）,3-5歳,西部
392,年齢別、地区別でイベントを検索できるカレンダーがあると参加しやすいです。（同種意見 33）,小学生,東部
393,こんなことで相談してよいのか迷うので、気軽に聞けるチャットやオンライン相談がほしいです。（同種意見 33）,0-2歳,南部
394,窓口に行く時間が取りにくく、夜でも相談予約ができると助かります。（同種意見 33）,3-5歳,中央
395,転入してきたばかりで知り合いが少なく、親子で地域とつながる場がほしいです。（同種意見 33）,0-2歳,北部
396,同じ悩みを持つ保護者同士で話せる小さな集まりがあると孤立しにくいと思います。（同種意見 33）,小学生,西部
397,急な通院や役所の手続きのときに、数時間だけ預けられる場所がもっとあると助かります。（同種意見 34）,0-2歳,中央
398,リフレッシュ目的でも一時預かりを使えると聞きますが、実際には予約が取りにくいです。（同種意見 34）,0-2歳,西部
399,子どもが熱を出すと仕事を休むしかなく、病児保育の枠が少ないと感じます。（同種意見 34）,3-5歳,南部
400,土日に勤務がある家庭向けの預かり支援がもう少しあると働き続けやすいです。（同種意見 34）,小学生,東部
401,補助金や健診の情報が別々のページにあり、何をいつ申請すればよいか分かりにくいです。（同種意見 34）,0-2歳,中央
402,妊娠中から小学校入学までの手続きを、時期ごとに一覧で見られると安心です。（同種意見 34）,妊娠中,北部
403,親子で参加できるイベントを探すのに、SNS、広報紙、施設掲示を全部見る必要があります。（同種意見 34）,3-5歳,西部
404,年齢別、地区別でイベントを検索できるカレンダーがあると参加しやすいです。（同種意見 34）,小学生,東部
405,こんなことで相談してよいのか迷うので、気軽に聞けるチャットやオンライン相談がほしいです。（同種意見 34）,0-2歳,南部
406,窓口に行く時間が取りにくく、夜でも相談予約ができると助かります。（同種意見 34）,3-5歳,中央
407,転入してきたばかりで知り合いが少なく、親子で地域とつながる場がほしいです。（同種意見 34）,0-2歳,北部
408,同じ悩みを持つ保護者同士で話せる小さな集まりがあると孤立しにくいと思います。（同種意見 34）,小学生,西部
409,急な通院や役所の手続きのときに、数時間だけ預けられる場所がもっとあると助かります。（同種意見 35）,0-2歳,中央
410,リフレッシュ目的でも一時預かりを使えると聞きますが、実際には予約が取りにくいです。（同種意見 35）,0-2歳,西部
411,子どもが熱を出すと仕事を休むしかなく、病児保育の枠が少ないと感じます。（同種意見 35）,3-5歳,南部
412,土日に勤務がある家庭向けの預かり支援がもう少しあると働き続けやすいです。（同種意見 35）,小学生,東部
413,補助金や健診の情報が別々のページにあり、何をいつ申請すればよいか分かりにくいです。（同種意見 35）,0-2歳,中央
414,妊娠中から小学校入学までの手続きを、時期ごとに一覧で見られると安心です。（同種意見 35）,妊娠中,北部
415,親子で参加できるイベントを探すのに、SNS、広報紙、施設掲示を全部見る必要があります。（同種意見 35）,3-5歳,西部
416,年齢別、地区別でイベントを検索できるカレンダーがあると参加しやすいです。（同種意見 35）,小学生,東部
417,こんなことで相談してよいのか迷うので、気軽に聞けるチャットやオンライン相談がほしいです。（同種意見 35）,0-2歳,南部
418,窓口に行く時間が取りにくく、夜でも相談予約ができると助かります。（同種意見 35）,3-5歳,中央
419,転入してきたばかりで知り合いが少なく、親子で地域とつながる場がほしいです。（同種意見 35）,0-2歳,北部
420,同じ悩みを持つ保護者同士で話せる小さな集まりがあると孤立しにくいと思います。（同種意見 35）,小学生,西部
421,急な通院や役所の手続きのときに、数時間だけ預けられる場所がもっとあると助かります。（同種意見 36）,0-2歳,中央
422,リフレッシュ目的でも一時預かりを使えると聞きますが、実際には予約が取りにくいです。（同種意見 36）,0-2歳,西部
423,子どもが熱を出すと仕事を休むしかなく、病児保育の枠が少ないと感じます。（同種意見 36）,3-5歳,南部
424,土日に勤務がある家庭向けの預かり支援がもう少しあると働き続けやすいです。（同種意見 36）,小学生,東部
425,補助金や健診の情報が別々のページにあり、何をいつ申請すればよいか分かりにくいです。（同種意見 36）,0-2歳,中央
426,妊娠中から小学校入学までの手続きを、時期ごとに一覧で見られると安心です。（同種意見 36）,妊娠中,北部
427,親子で参加できるイベントを探すのに、SNS、広報紙、施設掲示を全部見る必要があります。（同種意見 36）,3-5歳,西部
428,年齢別、地区別でイベントを検索できるカレンダーがあると参加しやすいです。（同種意見 36）,小学生,東部
429,こんなことで相談してよいのか迷うので、気軽に聞けるチャットやオンライン相談がほしいです。（同種意見 36）,0-2歳,南部
430,窓口に行く時間が取りにくく、夜でも相談予約ができると助かります。（同種意見 36）,3-5歳,中央
431,転入してきたばかりで知り合いが少なく、親子で地域とつながる場がほしいです。（同種意見 36）,0-2歳,北部
432,同じ悩みを持つ保護者同士で話せる小さな集まりがあると孤立しにくいと思います。（同種意見 36）,小学生,西部
433,急な通院や役所の手続きのときに、数時間だけ預けられる場所がもっとあると助かります。（同種意見 37）,0-2歳,中央
434,リフレッシュ目的でも一時預かりを使えると聞きますが、実際には予約が取りにくいです。（同種意見 37）,0-2歳,西部
435,子どもが熱を出すと仕事を休むしかなく、病児保育の枠が少ないと感じます。（同種意見 37）,3-5歳,南部
436,土日に勤務がある家庭向けの預かり支援がもう少しあると働き続けやすいです。（同種意見 37）,小学生,東部
437,補助金や健診の情報が別々のページにあり、何をいつ申請すればよいか分かりにくいです。（同種意見 37）,0-2歳,中央
438,妊娠中から小学校入学までの手続きを、時期ごとに一覧で見られると安心です。（同種意見 37）,妊娠中,北部
439,親子で参加できるイベントを探すのに、SNS、広報紙、施設掲示を全部見る必要があります。（同種意見 37）,3-5歳,西部
440,年齢別、地区別でイベントを検索できるカレンダーがあると参加しやすいです。（同種意見 37）,小学生,東部
441,こんなことで相談してよいのか迷うので、気軽に聞けるチャットやオンライン相談がほしいです。（同種意見 37）,0-2歳,南部
442,窓口に行く時間が取りにくく、夜でも相談予約ができると助かります。（同種意見 37）,3-5歳,中央
443,転入してきたばかりで知り合いが少なく、親子で地域とつながる場がほしいです。（同種意見 37）,0-2歳,北部
444,同じ悩みを持つ保護者同士で話せる小さな集まりがあると孤立しにくいと思います。（同種意見 37）,小学生,西部
445,急な通院や役所の手続きのときに、数時間だけ預けられる場所がもっとあると助かります。（同種意見 38）,0-2歳,中央
446,リフレッシュ目的でも一時預かりを使えると聞きますが、実際には予約が取りにくいです。（同種意見 38）,0-2歳,西部
447,子どもが熱を出すと仕事を休むしかなく、病児保育の枠が少ないと感じます。（同種意見 38）,3-5歳,南部
448,土日に勤務がある家庭向けの預かり支援がもう少しあると働き続けやすいです。（同種意見 38）,小学生,東部
449,補助金や健診の情報が別々のページにあり、何をいつ申請すればよいか分かりにくいです。（同種意見 38）,0-2歳,中央
450,妊娠中から小学校入学までの手続きを、時期ごとに一覧で見られると安心です。（同種意見 38）,妊娠中,北部
451,親子で参加できるイベントを探すのに、SNS、広報紙、施設掲示を全部見る必要があります。（同種意見 38）,3-5歳,西部
452,年齢別、地区別でイベントを検索できるカレンダーがあると参加しやすいです。（同種意見 38）,小学生,東部
453,こんなことで相談してよいのか迷うので、気軽に聞けるチャットやオンライン相談がほしいです。（同種意見 38）,0-2歳,南部
454,窓口に行く時間が取りにくく、夜でも相談予約ができると助かります。（同種意見 38）,3-5歳,中央
455,転入してきたばかりで知り合いが少なく、親子で地域とつながる場がほしいです。（同種意見 38）,0-2歳,北部
456,同じ悩みを持つ保護者同士で話せる小さな集まりがあると孤立しにくいと思います。（同種意見 38）,小学生,西部
457,急な通院や役所の手続きのときに、数時間だけ預けられる場所がもっとあると助かります。（同種意見 39）,0-2歳,中央
458,リフレッシュ目的でも一時預かりを使えると聞きますが、実際には予約が取りにくいです。（同種意見 39）,0-2歳,西部
459,子どもが熱を出すと仕事を休むしかなく、病児保育の枠が少ないと感じます。（同種意見 39）,3-5歳,南部
460,土日に勤務がある家庭向けの預かり支援がもう少しあると働き続けやすいです。（同種意見 39）,小学生,東部
461,補助金や健診の情報が別々のページにあり、何をいつ申請すればよいか分かりにくいです。（同種意見 39）,0-2歳,中央
462,妊娠中から小学校入学までの手続きを、時期ごとに一覧で見られると安心です。（同種意見 39）,妊娠中,北部
463,親子で参加できるイベントを探すのに、SNS、広報紙、施設掲示を全部見る必要があります。（同種意見 39）,3-5歳,西部
464,年齢別、地区別でイベントを検索できるカレンダーがあると参加しやすいです。（同種意見 39）,小学生,東部
465,こんなことで相談してよいのか迷うので、気軽に聞けるチャットやオンライン相談がほしいです。（同種意見 39）,0-2歳,南部
466,窓口に行く時間が取りにくく、夜でも相談予約ができると助かります。（同種意見 39）,3-5歳,中央
467,転入してきたばかりで知り合いが少なく、親子で地域とつながる場がほしいです。（同種意見 39）,0-2歳,北部
468,同じ悩みを持つ保護者同士で話せる小さな集まりがあると孤立しにくいと思います。（同種意見 39）,小学生,西部
469,急な通院や役所の手続きのときに、数時間だけ預けられる場所がもっとあると助かります。（同種意見 40）,0-2歳,中央
470,リフレッシュ目的でも一時預かりを使えると聞きますが、実際には予約が取りにくいです。（同種意見 40）,0-2歳,西部
471,子どもが熱を出すと仕事を休むしかなく、病児保育の枠が少ないと感じます。（同種意見 40）,3-5歳,南部
472,土日に勤務がある家庭向けの預かり支援がもう少しあると働き続けやすいです。（同種意見 40）,小学生,東部
473,補助金や健診の情報が別々のページにあり、何をいつ申請すればよいか分かりにくいです。（同種意見 40）,0-2歳,中央
474,妊娠中から小学校入学までの手続きを、時期ごとに一覧で見られると安心です。（同種意見 40）,妊娠中,北部
475,親子で参加できるイベントを探すのに、SNS、広報紙、施設掲示を全部見る必要があります。（同種意見 40）,3-5歳,西部
476,年齢別、地区別でイベントを検索できるカレンダーがあると参加しやすいです。（同種意見 40）,小学生,東部
477,こんなことで相談してよいのか迷うので、気軽に聞けるチャットやオンライン相談がほしいです。（同種意見 40）,0-2歳,南部
478,窓口に行く時間が取りにくく、夜でも相談予約ができると助かります。（同種意見 40）,3-5歳,中央
479,転入してきたばかりで知り合いが少なく、親子で地域とつながる場がほしいです。（同種意見 40）,0-2歳,北部
480,同じ悩みを持つ保護者同士で話せる小さな集まりがあると孤立しにくいと思います。（同種意見 40）,小学生,西部
481,急な通院や役所の手続きのときに、数時間だけ預けられる場所がもっとあると助かります。（同種意見 41）,0-2歳,中央
482,リフレッシュ目的でも一時預かりを使えると聞きますが、実際には予約が取りにくいです。（同種意見 41）,0-2歳,西部
483,子どもが熱を出すと仕事を休むしかなく、病児保育の枠が少ないと感じます。（同種意見 41）,3-5歳,南部
484,土日に勤務がある家庭向けの預かり支援がもう少しあると働き続けやすいです。（同種意見 41）,小学生,東部
485,補助金や健診の情報が別々のページにあり、何をいつ申請すればよいか分かりにくいです。（同種意見 41）,0-2歳,中央
486,妊娠中から小学校入学までの手続きを、時期ごとに一覧で見られると安心です。（同種意見 41）,妊娠中,北部
487,親子で参加できるイベントを探すのに、SNS、広報紙、施設掲示を全部見る必要があります。（同種意見 41）,3-5歳,西部
488,年齢別、地区別でイベントを検索できるカレンダーがあると参加しやすいです。（同種意見 41）,小学生,東部
489,こんなことで相談してよいのか迷うので、気軽に聞けるチャットやオンライン相談がほしいです。（同種意見 41）,0-2歳,南部
490,窓口に行く時間が取りにくく、夜でも相談予約ができると助かります。（同種意見 41）,3-5歳,中央
491,転入してきたばかりで知り合いが少なく、親子で地域とつながる場がほしいです。（同種意見 41）,0-2歳,北部
492,同じ悩みを持つ保護者同士で話せる小さな集まりがあると孤立しにくいと思います。（同種意見 41）,小学生,西部
493,急な通院や役所の手続きのときに、数時間だけ預けられる場所がもっとあると助かります。（同種意見 42）,0-2歳,中央
494,リフレッシュ目的でも一時預かりを使えると聞きますが、実際には予約が取りにくいです。（同種意見 42）,0-2歳,西部
495,子どもが熱を出すと仕事を休むしかなく、病児保育の枠が少ないと感じます。（同種意見 42）,3-5歳,南部
496,土日に勤務がある家庭向けの預かり支援がもう少しあると働き続けやすいです。（同種意見 42）,小学生,東部
497,補助金や健診の情報が別々のページにあり、何をいつ申請すればよいか分かりにくいです。（同種意見 42）,0-2歳,中央
498,妊娠中から小学校入学までの手続きを、時期ごとに一覧で見られると安心です。（同種意見 42）,妊娠中,北部
499,親子で参加できるイベントを探すのに、SNS、広報紙、施設掲示を全部見る必要があります。（同種意見 42）,3-5歳,西部
500,年齢別、地区別でイベントを検索できるカレンダーがあると参加しやすいです。（同種意見 42）,小学生,東部
501,こんなことで相談してよいのか迷うので、気軽に聞けるチャットやオンライン相談がほしいです。（同種意見 42）,0-2歳,南部
502,窓口に行く時間が取りにくく、夜でも相談予約ができると助かります。（同種意見 42）,3-5歳,中央
503,転入してきたばかりで知り合いが少なく、親子で地域とつながる場がほしいです。（同種意見 42）,0-2歳,北部
504,同じ悩みを持つ保護者同士で話せる小さな集まりがあると孤立しにくいと思います。（同種意見 42）,小学生,西部
505,急な通院や役所の手続きのときに、数時間だけ預けられる場所がもっとあると助かります。（同種意見 43）,0-2歳,中央
506,リフレッシュ目的でも一時預かりを使えると聞きますが、実際には予約が取りにくいです。（同種意見 43）,0-2歳,西部
507,子どもが熱を出すと仕事を休むしかなく、病児保育の枠が少ないと感じます。（同種意見 43）,3-5歳,南部
508,土日に勤務がある家庭向けの預かり支援がもう少しあると働き続けやすいです。（同種意見 43）,小学生,東部
509,補助金や健診の情報が別々のページにあり、何をいつ申請すればよいか分かりにくいです。（同種意見 43）,0-2歳,中央
510,妊娠中から小学校入学までの手続きを、時期ごとに一覧で見られると安心です。（同種意見 43）,妊娠中,北部
511,親子で参加できるイベントを探すのに、SNS、広報紙、施設掲示を全部見る必要があります。（同種意見 43）,3-5歳,西部
512,年齢別、地区別でイベントを検索できるカレンダーがあると参加しやすいです。（同種意見 43）,小学生,東部
513,こんなことで相談してよいのか迷うので、気軽に聞けるチャットやオンライン相談がほしいです。（同種意見 43）,0-2歳,南部
514,窓口に行く時間が取りにくく、夜でも相談予約ができると助かります。（同種意見 43）,3-5歳,中央
515,転入してきたばかりで知り合いが少なく、親子で地域とつながる場がほしいです。（同種意見 43）,0-2歳,北部
516,同じ悩みを持つ保護者同士で話せる小さな集まりがあると孤立しにくいと思います。（同種意見 43）,小学生,西部
517,急な通院や役所の手続きのときに、数時間だけ預けられる場所がもっとあると助かります。（同種意見 44）,0-2歳,中央
518,リフレッシュ目的でも一時預かりを使えると聞きますが、実際には予約が取りにくいです。（同種意見 44）,0-2歳,西部
519,子どもが熱を出すと仕事を休むしかなく、病児保育の枠が少ないと感じます。（同種意見 44）,3-5歳,南部
520,土日に勤務がある家庭向けの預かり支援がもう少しあると働き続けやすいです。（同種意見 44）,小学生,東部
521,補助金や健診の情報が別々のページにあり、何をいつ申請すればよいか分かりにくいです。（同種意見 44）,0-2歳,中央
522,妊娠中から小学校入学までの手続きを、時期ごとに一覧で見られると安心です。（同種意見 44）,妊娠中,北部
523,親子で参加できるイベントを探すのに、SNS、広報紙、施設掲示を全部見る必要があります。（同種意見 44）,3-5歳,西部
524,年齢別、地区別でイベントを検索できるカレンダーがあると参加しやすいです。（同種意見 44）,小学生,東部
525,こんなことで相談してよいのか迷うので、気軽に聞けるチャットやオンライン相談がほしいです。（同種意見 44）,0-2歳,南部
526,窓口に行く時間が取りにくく、夜でも相談予約ができると助かります。（同種意見 44）,3-5歳,中央
527,転入してきたばかりで知り合いが少なく、親子で地域とつながる場がほしいです。（同種意見 44）,0-2歳,北部
528,同じ悩みを持つ保護者同士で話せる小さな集まりがあると孤立しにくいと思います。（同種意見 44）,小学生,西部
529,急な通院や役所の手続きのときに、数時間だけ預けられる場所がもっとあると助かります。（同種意見 45）,0-2歳,中央
530,リフレッシュ目的でも一時預かりを使えると聞きますが、実際には予約が取りにくいです。（同種意見 45）,0-2歳,西部
531,子どもが熱を出すと仕事を休むしかなく、病児保育の枠が少ないと感じます。（同種意見 45）,3-5歳,南部
532,土日に勤務がある家庭向けの預かり支援がもう少しあると働き続けやすいです。（同種意見 45）,小学生,東部
533,補助金や健診の情報が別々のページにあり、何をいつ申請すればよいか分かりにくいです。（同種意見 45）,0-2歳,中央
534,妊娠中から小学校入学までの手続きを、時期ごとに一覧で見られると安心です。（同種意見 45）,妊娠中,北部
535,親子で参加できるイベントを探すのに、SNS、広報紙、施設掲示を全部見る必要があります。（同種意見 45）,3-5歳,西部
536,年齢別、地区別でイベントを検索できるカレンダーがあると参加しやすいです。（同種意見 45）,小学生,東部
537,こんなことで相談してよいのか迷うので、気軽に聞けるチャットやオンライン相談がほしいです。（同種意見 45）,0-2歳,南部
538,窓口に行く時間が取りにくく、夜でも相談予約ができると助かります。（同種意見 45）,3-5歳,中央
539,転入してきたばかりで知り合いが少なく、親子で地域とつながる場がほしいです。（同種意見 45）,0-2歳,北部
540,同じ悩みを持つ保護者同士で話せる小さな集まりがあると孤立しにくいと思います。（同種意見 45）,小学生,西部
541,急な通院や役所の手続きのときに、数時間だけ預けられる場所がもっとあると助かります。（同種意見 46）,0-2歳,中央
542,リフレッシュ目的でも一時預かりを使えると聞きますが、実際には予約が取りにくいです。（同種意見 46）,0-2歳,西部
543,子どもが熱を出すと仕事を休むしかなく、病児保育の枠が少ないと感じます。（同種意見 46）,3-5歳,南部
544,土日に勤務がある家庭向けの預かり支援がもう少しあると働き続けやすいです。（同種意見 46）,小学生,東部
545,補助金や健診の情報が別々のページにあり、何をいつ申請すればよいか分かりにくいです。（同種意見 46）,0-2歳,中央
546,妊娠中から小学校入学までの手続きを、時期ごとに一覧で見られると安心です。（同種意見 46）,妊娠中,北部
547,親子で参加できるイベントを探すのに、SNS、広報紙、施設掲示を全部見る必要があります。（同種意見 46）,3-5歳,西部
548,年齢別、地区別でイベントを検索できるカレンダーがあると参加しやすいです。（同種意見 46）,小学生,東部
549,こんなことで相談してよいのか迷うので、気軽に聞けるチャットやオンライン相談がほしいです。（同種意見 46）,0-2歳,南部
550,窓口に行く時間が取りにくく、夜でも相談予約ができると助かります。（同種意見 46）,3-5歳,中央
551,転入してきたばかりで知り合いが少なく、親子で地域とつながる場がほしいです。（同種意見 46）,0-2歳,北部
552,同じ悩みを持つ保護者同士で話せる小さな集まりがあると孤立しにくいと思います。（同種意見 46）,小学生,西部
553,急な通院や役所の手続きのときに、数時間だけ預けられる場所がもっとあると助かります。（同種意見 47）,0-2歳,中央
554,リフレッシュ目的でも一時預かりを使えると聞きますが、実際には予約が取りにくいです。（同種意見 47）,0-2歳,西部
555,子どもが熱を出すと仕事を休むしかなく、病児保育の枠が少ないと感じます。（同種意見 47）,3-5歳,南部
556,土日に勤務がある家庭向けの預かり支援がもう少しあると働き続けやすいです。（同種意見 47）,小学生,東部
557,補助金や健診の情報が別々のページにあり、何をいつ申請すればよいか分かりにくいです。（同種意見 47）,0-2歳,中央
558,妊娠中から小学校入学までの手続きを、時期ごとに一覧で見られると安心です。（同種意見 47）,妊娠中,北部
559,親子で参加できるイベントを探すのに、SNS、広報紙、施設掲示を全部見る必要があります。（同種意見 47）,3-5歳,西部
560,年齢別、地区別でイベントを検索できるカレンダーがあると参加しやすいです。（同種意見 47）,小学生,東部
561,こんなことで相談してよいのか迷うので、気軽に聞けるチャットやオンライン相談がほしいです。（同種意見 47）,0-2歳,南部
562,窓口に行く時間が取りにくく、夜でも相談予約ができると助かります。（同種意見 47）,3-5歳,中央
563,転入してきたばかりで知り合いが少なく、親子で地域とつながる場がほしいです。（同種意見 47）,0-2歳,北部
564,同じ悩みを持つ保護者同士で話せる小さな集まりがあると孤立しにくいと思います。（同種意見 47）,小学生,西部
565,急な通院や役所の手続きのときに、数時間だけ預けられる場所がもっとあると助かります。（同種意見 48）,0-2歳,中央
566,リフレッシュ目的でも一時預かりを使えると聞きますが、実際には予約が取りにくいです。（同種意見 48）,0-2歳,西部
567,子どもが熱を出すと仕事を休むしかなく、病児保育の枠が少ないと感じます。（同種意見 48）,3-5歳,南部
568,土日に勤務がある家庭向けの預かり支援がもう少しあると働き続けやすいです。（同種意見 48）,小学生,東部
569,補助金や健診の情報が別々のページにあり、何をいつ申請すればよいか分かりにくいです。（同種意見 48）,0-2歳,中央
570,妊娠中から小学校入学までの手続きを、時期ごとに一覧で見られると安心です。（同種意見 48）,妊娠中,北部
571,親子で参加できるイベントを探すのに、SNS、広報紙、施設掲示を全部見る必要があります。（同種意見 48）,3-5歳,西部
572,年齢別、地区別でイベントを検索できるカレンダーがあると参加しやすいです。（同種意見 48）,小学生,東部
573,こんなことで相談してよいのか迷うので、気軽に聞けるチャットやオンライン相談がほしいです。（同種意見 48）,0-2歳,南部
574,窓口に行く時間が取りにくく、夜でも相談予約ができると助かります。（同種意見 48）,3-5歳,中央
575,転入してきたばかりで知り合いが少なく、親子で地域とつながる場がほしいです。（同種意見 48）,0-2歳,北部
576,同じ悩みを持つ保護者同士で話せる小さな集まりがあると孤立しにくいと思います。（同種意見 48）,小学生,西部
577,急な通院や役所の手続きのときに、数時間だけ預けられる場所がもっとあると助かります。（同種意見 49）,0-2歳,中央
578,リフレッシュ目的でも一時預かりを使えると聞きますが、実際には予約が取りにくいです。（同種意見 49）,0-2歳,西部
579,子どもが熱を出すと仕事を休むしかなく、病児保育の枠が少ないと感じます。（同種意見 49）,3-5歳,南部
580,土日に勤務がある家庭向けの預かり支援がもう少しあると働き続けやすいです。（同種意見 49）,小学生,東部
581,補助金や健診の情報が別々のページにあり、何をいつ申請すればよいか分かりにくいです。（同種意見 49）,0-2歳,中央
582,妊娠中から小学校入学までの手続きを、時期ごとに一覧で見られると安心です。（同種意見 49）,妊娠中,北部
583,親子で参加できるイベントを探すのに、SNS、広報紙、施設掲示を全部見る必要があります。（同種意見 49）,3-5歳,西部
584,年齢別、地区別でイベントを検索できるカレンダーがあると参加しやすいです。（同種意見 49）,小学生,東部
585,こんなことで相談してよいのか迷うので、気軽に聞けるチャットやオンライン相談がほしいです。（同種意見 49）,0-2歳,南部
586,窓口に行く時間が取りにくく、夜でも相談予約ができると助かります。（同種意見 49）,3-5歳,中央
587,転入してきたばかりで知り合いが少なく、親子で地域とつながる場がほしいです。（同種意見 49）,0-2歳,北部
588,同じ悩みを持つ保護者同士で話せる小さな集まりがあると孤立しにくいと思います。（同種意見 49）,小学生,西部
589,急な通院や役所の手続きのときに、数時間だけ預けられる場所がもっとあると助かります。（同種意見 50）,0-2歳,中央
590,リフレッシュ目的でも一時預かりを使えると聞きますが、実際には予約が取りにくいです。（同種意見 50）,0-2歳,西部
591,子どもが熱を出すと仕事を休むしかなく、病児保育の枠が少ないと感じます。（同種意見 50）,3-5歳,南部
592,土日に勤務がある家庭向けの預かり支援がもう少しあると働き続けやすいです。（同種意見 50）,小学生,東部
593,補助金や健診の情報が別々のページにあり、何をいつ申請すればよいか分かりにくいです。（同種意見 50）,0-2歳,中央
594,妊娠中から小学校入学までの手続きを、時期ごとに一覧で見られると安心です。（同種意見 50）,妊娠中,北部
595,親子で参加できるイベントを探すのに、SNS、広報紙、施設掲示を全部見る必要があります。（同種意見 50）,3-5歳,西部
596,年齢別、地区別でイベントを検索できるカレンダーがあると参加しやすいです。（同種意見 50）,小学生,東部
597,こんなことで相談してよいのか迷うので、気軽に聞けるチャットやオンライン相談がほしいです。（同種意見 50）,0-2歳,南部
598,窓口に行く時間が取りにくく、夜でも相談予約ができると助かります。（同種意見 50）,3-5歳,中央
599,転入してきたばかりで知り合いが少なく、親子で地域とつながる場がほしいです。（同種意見 50）,0-2歳,北部
600,同じ悩みを持つ保護者同士で話せる小さな集まりがあると孤立しにくいと思います。（同種意見 50）,小学生,西部
601,急な通院や役所の手続きのときに、数時間だけ預けられる場所がもっとあると助かります。（同種意見 51）,0-2歳,中央
602,リフレッシュ目的でも一時預かりを使えると聞きますが、実際には予約が取りにくいです。（同種意見 51）,0-2歳,西部
603,子どもが熱を出すと仕事を休むしかなく、病児保育の枠が少ないと感じます。（同種意見 51）,3-5歳,南部
604,土日に勤務がある家庭向けの預かり支援がもう少しあると働き続けやすいです。（同種意見 51）,小学生,東部
605,補助金や健診の情報が別々のページにあり、何をいつ申請すればよいか分かりにくいです。（同種意見 51）,0-2歳,中央
606,妊娠中から小学校入学までの手続きを、時期ごとに一覧で見られると安心です。（同種意見 51）,妊娠中,北部
607,親子で参加できるイベントを探すのに、SNS、広報紙、施設掲示を全部見る必要があります。（同種意見 51）,3-5歳,西部
608,年齢別、地区別でイベントを検索できるカレンダーがあると参加しやすいです。（同種意見 51）,小学生,東部
609,こんなことで相談してよいのか迷うので、気軽に聞けるチャットやオンライン相談がほしいです。（同種意見 51）,0-2歳,南部
610,窓口に行く時間が取りにくく、夜でも相談予約ができると助かります。（同種意見 51）,3-5歳,中央
611,転入してきたばかりで知り合いが少なく、親子で地域とつながる場がほしいです。（同種意見 51）,0-2歳,北部
612,同じ悩みを持つ保護者同士で話せる小さな集まりがあると孤立しにくいと思います。（同種意見 51）,小学生,西部
613,急な通院や役所の手続きのときに、数時間だけ預けられる場所がもっとあると助かります。（同種意見 52）,0-2歳,中央
614,リフレッシュ目的でも一時預かりを使えると聞きますが、実際には予約が取りにくいです。（同種意見 52）,0-2歳,西部
615,子どもが熱を出すと仕事を休むしかなく、病児保育の枠が少ないと感じます。（同種意見 52）,3-5歳,南部
616,土日に勤務がある家庭向けの預かり支援がもう少しあると働き続けやすいです。（同種意見 52）,小学生,東部
617,補助金や健診の情報が別々のページにあり、何をいつ申請すればよいか分かりにくいです。（同種意見 52）,0-2歳,中央
618,妊娠中から小学校入学までの手続きを、時期ごとに一覧で見られると安心です。（同種意見 52）,妊娠中,北部
619,親子で参加できるイベントを探すのに、SNS、広報紙、施設掲示を全部見る必要があります。（同種意見 52）,3-5歳,西部
620,年齢別、地区別でイベントを検索できるカレンダーがあると参加しやすいです。（同種意見 52）,小学生,東部
621,こんなことで相談してよいのか迷うので、気軽に聞けるチャットやオンライン相談がほしいです。（同種意見 52）,0-2歳,南部
622,窓口に行く時間が取りにくく、夜でも相談予約ができると助かります。（同種意見 52）,3-5歳,中央
623,転入してきたばかりで知り合いが少なく、親子で地域とつながる場がほしいです。（同種意見 52）,0-2歳,北部
624,同じ悩みを持つ保護者同士で話せる小さな集まりがあると孤立しにくいと思います。（同種意見 52）,小学生,西部
625,急な通院や役所の手続きのときに、数時間だけ預けられる場所がもっとあると助かります。（同種意見 53）,0-2歳,中央
626,リフレッシュ目的でも一時預かりを使えると聞きますが、実際には予約が取りにくいです。（同種意見 53）,0-2歳,西部
627,子どもが熱を出すと仕事を休むしかなく、病児保育の枠が少ないと感じます。（同種意見 53）,3-5歳,南部
628,土日に勤務がある家庭向けの預かり支援がもう少しあると働き続けやすいです。（同種意見 53）,小学生,東部
629,補助金や健診の情報が別々のページにあり、何をいつ申請すればよいか分かりにくいです。（同種意見 53）,0-2歳,中央
630,妊娠中から小学校入学までの手続きを、時期ごとに一覧で見られると安心です。（同種意見 53）,妊娠中,北部
631,親子で参加できるイベントを探すのに、SNS、広報紙、施設掲示を全部見る必要があります。（同種意見 53）,3-5歳,西部
632,年齢別、地区別でイベントを検索できるカレンダーがあると参加しやすいです。（同種意見 53）,小学生,東部
633,こんなことで相談してよいのか迷うので、気軽に聞けるチャットやオンライン相談がほしいです。（同種意見 53）,0-2歳,南部
634,窓口に行く時間が取りにくく、夜でも相談予約ができると助かります。（同種意見 53）,3-5歳,中央
635,転入してきたばかりで知り合いが少なく、親子で地域とつながる場がほしいです。（同種意見 53）,0-2歳,北部
636,同じ悩みを持つ保護者同士で話せる小さな集まりがあると孤立しにくいと思います。（同種意見 53）,小学生,西部
637,急な通院や役所の手続きのときに、数時間だけ預けられる場所がもっとあると助かります。（同種意見 54）,0-2歳,中央
638,リフレッシュ目的でも一時預かりを使えると聞きますが、実際には予約が取りにくいです。（同種意見 54）,0-2歳,西部
639,子どもが熱を出すと仕事を休むしかなく、病児保育の枠が少ないと感じます。（同種意見 54）,3-5歳,南部
640,土日に勤務がある家庭向けの預かり支援がもう少しあると働き続けやすいです。（同種意見 54）,小学生,東部
641,補助金や健診の情報が別々のページにあり、何をいつ申請すればよいか分かりにくいです。（同種意見 54）,0-2歳,中央
642,妊娠中から小学校入学までの手続きを、時期ごとに一覧で見られると安心です。（同種意見 54）,妊娠中,北部
643,親子で参加できるイベントを探すのに、SNS、広報紙、施設掲示を全部見る必要があります。（同種意見 54）,3-5歳,西部
644,年齢別、地区別でイベントを検索できるカレンダーがあると参加しやすいです。（同種意見 54）,小学生,東部
645,こんなことで相談してよいのか迷うので、気軽に聞けるチャットやオンライン相談がほしいです。（同種意見 54）,0-2歳,南部
646,窓口に行く時間が取りにくく、夜でも相談予約ができると助かります。（同種意見 54）,3-5歳,中央
647,転入してきたばかりで知り合いが少なく、親子で地域とつながる場がほしいです。（同種意見 54）,0-2歳,北部
648,同じ悩みを持つ保護者同士で話せる小さな集まりがあると孤立しにくいと思います。（同種意見 54）,小学生,西部
649,急な通院や役所の手続きのときに、数時間だけ預けられる場所がもっとあると助かります。（同種意見 55）,0-2歳,中央
650,リフレッシュ目的でも一時預かりを使えると聞きますが、実際には予約が取りにくいです。（同種意見 55）,0-2歳,西部
651,子どもが熱を出すと仕事を休むしかなく、病児保育の枠が少ないと感じます。（同種意見 55）,3-5歳,南部
652,土日に勤務がある家庭向けの預かり支援がもう少しあると働き続けやすいです。（同種意見 55）,小学生,東部
653,補助金や健診の情報が別々のページにあり、何をいつ申請すればよいか分かりにくいです。（同種意見 55）,0-2歳,中央
654,妊娠中から小学校入学までの手続きを、時期ごとに一覧で見られると安心です。（同種意見 55）,妊娠中,北部
655,親子で参加できるイベントを探すのに、SNS、広報紙、施設掲示を全部見る必要があります。（同種意見 55）,3-5歳,西部
656,年齢別、地区別でイベントを検索できるカレンダーがあると参加しやすいです。（同種意見 55）,小学生,東部
657,こんなことで相談してよいのか迷うので、気軽に聞けるチャットやオンライン相談がほしいです。（同種意見 55）,0-2歳,南部
658,窓口に行く時間が取りにくく、夜でも相談予約ができると助かります。（同種意見 55）,3-5歳,中央
659,転入してきたばかりで知り合いが少なく、親子で地域とつながる場がほしいです。（同種意見 55）,0-2歳,北部
660,同じ悩みを持つ保護者同士で話せる小さな集まりがあると孤立しにくいと思います。（同種意見 55）,小学生,西部
661,急な通院や役所の手続きのときに、数時間だけ預けられる場所がもっとあると助かります。（同種意見 56）,0-2歳,中央
662,リフレッシュ目的でも一時預かりを使えると聞きますが、実際には予約が取りにくいです。（同種意見 56）,0-2歳,西部
663,子どもが熱を出すと仕事を休むしかなく、病児保育の枠が少ないと感じます。（同種意見 56）,3-5歳,南部
664,土日に勤務がある家庭向けの預かり支援がもう少しあると働き続けやすいです。（同種意見 56）,小学生,東部
665,補助金や健診の情報が別々のページにあり、何をいつ申請すればよいか分かりにくいです。（同種意見 56）,0-2歳,中央
666,妊娠中から小学校入学までの手続きを、時期ごとに一覧で見られると安心です。（同種意見 56）,妊娠中,北部
667,親子で参加できるイベントを探すのに、SNS、広報紙、施設掲示を全部見る必要があります。（同種意見 56）,3-5歳,西部
668,年齢別、地区別でイベントを検索できるカレンダーがあると参加しやすいです。（同種意見 56）,小学生,東部
669,こんなことで相談してよいのか迷うので、気軽に聞けるチャットやオンライン相談がほしいです。（同種意見 56）,0-2歳,南部
670,窓口に行く時間が取りにくく、夜でも相談予約ができると助かります。（同種意見 56）,3-5歳,中央
671,転入してきたばかりで知り合いが少なく、親子で地域とつながる場がほしいです。（同種意見 56）,0-2歳,北部
672,同じ悩みを持つ保護者同士で話せる小さな集まりがあると孤立しにくいと思います。（同種意見 56）,小学生,西部
673,急な通院や役所の手続きのときに、数時間だけ預けられる場所がもっとあると助かります。（同種意見 57）,0-2歳,中央
674,リフレッシュ目的でも一時預かりを使えると聞きますが、実際には予約が取りにくいです。（同種意見 57）,0-2歳,西部
675,子どもが熱を出すと仕事を休むしかなく、病児保育の枠が少ないと感じます。（同種意見 57）,3-5歳,南部
676,土日に勤務がある家庭向けの預かり支援がもう少しあると働き続けやすいです。（同種意見 57）,小学生,東部
677,補助金や健診の情報が別々のページにあり、何をいつ申請すればよいか分かりにくいです。（同種意見 57）,0-2歳,中央
678,妊娠中から小学校入学までの手続きを、時期ごとに一覧で見られると安心です。（同種意見 57）,妊娠中,北部
679,親子で参加できるイベントを探すのに、SNS、広報紙、施設掲示を全部見る必要があります。（同種意見 57）,3-5歳,西部
680,年齢別、地区別でイベントを検索できるカレンダーがあると参加しやすいです。（同種意見 57）,小学生,東部
681,こんなことで相談してよいのか迷うので、気軽に聞けるチャットやオンライン相談がほしいです。（同種意見 57）,0-2歳,南部
682,窓口に行く時間が取りにくく、夜でも相談予約ができると助かります。（同種意見 57）,3-5歳,中央
683,転入してきたばかりで知り合いが少なく、親子で地域とつながる場がほしいです。（同種意見 57）,0-2歳,北部
684,同じ悩みを持つ保護者同士で話せる小さな集まりがあると孤立しにくいと思います。（同種意見 57）,小学生,西部
685,急な通院や役所の手続きのときに、数時間だけ預けられる場所がもっとあると助かります。（同種意見 58）,0-2歳,中央
686,リフレッシュ目的でも一時預かりを使えると聞きますが、実際には予約が取りにくいです。（同種意見 58）,0-2歳,西部
687,子どもが熱を出すと仕事を休むしかなく、病児保育の枠が少ないと感じます。（同種意見 58）,3-5歳,南部
688,土日に勤務がある家庭向けの預かり支援がもう少しあると働き続けやすいです。（同種意見 58）,小学生,東部
689,補助金や健診の情報が別々のページにあり、何をいつ申請すればよいか分かりにくいです。（同種意見 58）,0-2歳,中央
690,妊娠中から小学校入学までの手続きを、時期ごとに一覧で見られると安心です。（同種意見 58）,妊娠中,北部
691,親子で参加できるイベントを探すのに、SNS、広報紙、施設掲示を全部見る必要があります。（同種意見 58）,3-5歳,西部
692,年齢別、地区別でイベントを検索できるカレンダーがあると参加しやすいです。（同種意見 58）,小学生,東部
693,こんなことで相談してよいのか迷うので、気軽に聞けるチャットやオンライン相談がほしいです。（同種意見 58）,0-2歳,南部
694,窓口に行く時間が取りにくく、夜でも相談予約ができると助かります。（同種意見 58）,3-5歳,中央
695,転入してきたばかりで知り合いが少なく、親子で地域とつながる場がほしいです。（同種意見 58）,0-2歳,北部
696,同じ悩みを持つ保護者同士で話せる小さな集まりがあると孤立しにくいと思います。（同種意見 58）,小学生,西部
697,急な通院や役所の手続きのときに、数時間だけ預けられる場所がもっとあると助かります。（同種意見 59）,0-2歳,中央
698,リフレッシュ目的でも一時預かりを使えると聞きますが、実際には予約が取りにくいです。（同種意見 59）,0-2歳,西部
699,子どもが熱を出すと仕事を休むしかなく、病児保育の枠が少ないと感じます。（同種意見 59）,3-5歳,南部
700,土日に勤務がある家庭向けの預かり支援がもう少しあると働き続けやすいです。（同種意見 59）,小学生,東部
701,補助金や健診の情報が別々のページにあり、何をいつ申請すればよいか分かりにくいです。（同種意見 59）,0-2歳,中央
702,妊娠中から小学校入学までの手続きを、時期ごとに一覧で見られると安心です。（同種意見 59）,妊娠中,北部
703,親子で参加できるイベントを探すのに、SNS、広報紙、施設掲示を全部見る必要があります。（同種意見 59）,3-5歳,西部
704,年齢別、地区別でイベントを検索できるカレンダーがあると参加しやすいです。（同種意見 59）,小学生,東部
705,こんなことで相談してよいのか迷うので、気軽に聞けるチャットやオンライン相談がほしいです。（同種意見 59）,0-2歳,南部
706,窓口に行く時間が取りにくく、夜でも相談予約ができると助かります。（同種意見 59）,3-5歳,中央
707,転入してきたばかりで知り合いが少なく、親子で地域とつながる場がほしいです。（同種意見 59）,0-2歳,北部
708,同じ悩みを持つ保護者同士で話せる小さな集まりがあると孤立しにくいと思います。（同種意見 59）,小学生,西部
709,急な通院や役所の手続きのときに、数時間だけ預けられる場所がもっとあると助かります。（同種意見 60）,0-2歳,中央
710,リフレッシュ目的でも一時預かりを使えると聞きますが、実際には予約が取りにくいです。（同種意見 60）,0-2歳,西部
711,子どもが熱を出すと仕事を休むしかなく、病児保育の枠が少ないと感じます。（同種意見 60）,3-5歳,南部
712,土日に勤務がある家庭向けの預かり支援がもう少しあると働き続けやすいです。（同種意見 60）,小学生,東部
713,補助金や健診の情報が別々のページにあり、何をいつ申請すればよいか分かりにくいです。（同種意見 60）,0-2歳,中央
714,妊娠中から小学校入学までの手続きを、時期ごとに一覧で見られると安心です。（同種意見 60）,妊娠中,北部
715,親子で参加できるイベントを探すのに、SNS、広報紙、施設掲示を全部見る必要があります。（同種意見 60）,3-5歳,西部
716,年齢別、地区別でイベントを検索できるカレンダーがあると参加しやすいです。（同種意見 60）,小学生,東部
717,こんなことで相談してよいのか迷うので、気軽に聞けるチャットやオンライン相談がほしいです。（同種意見 60）,0-2歳,南部
718,窓口に行く時間が取りにくく、夜でも相談予約ができると助かります。（同種意見 60）,3-5歳,中央
719,転入してきたばかりで知り合いが少なく、親子で地域とつながる場がほしいです。（同種意見 60）,0-2歳,北部
720,同じ悩みを持つ保護者同士で話せる小さな集まりがあると孤立しにくいと思います。（同種意見 60）,小学生,西部
721,急な通院や役所の手続きのときに、数時間だけ預けられる場所がもっとあると助かります。（同種意見 61）,0-2歳,中央
722,リフレッシュ目的でも一時預かりを使えると聞きますが、実際には予約が取りにくいです。（同種意見 61）,0-2歳,西部
723,子どもが熱を出すと仕事を休むしかなく、病児保育の枠が少ないと感じます。（同種意見 61）,3-5歳,南部
724,土日に勤務がある家庭向けの預かり支援がもう少しあると働き続けやすいです。（同種意見 61）,小学生,東部
725,補助金や健診の情報が別々のページにあり、何をいつ申請すればよいか分かりにくいです。（同種意見 61）,0-2歳,中央
726,妊娠中から小学校入学までの手続きを、時期ごとに一覧で見られると安心です。（同種意見 61）,妊娠中,北部
727,親子で参加できるイベントを探すのに、SNS、広報紙、施設掲示を全部見る必要があります。（同種意見 61）,3-5歳,西部
728,年齢別、地区別でイベントを検索できるカレンダーがあると参加しやすいです。（同種意見 61）,小学生,東部
729,こんなことで相談してよいのか迷うので、気軽に聞けるチャットやオンライン相談がほしいです。（同種意見 61）,0-2歳,南部
730,窓口に行く時間が取りにくく、夜でも相談予約ができると助かります。（同種意見 61）,3-5歳,中央
731,転入してきたばかりで知り合いが少なく、親子で地域とつながる場がほしいです。（同種意見 61）,0-2歳,北部
732,同じ悩みを持つ保護者同士で話せる小さな集まりがあると孤立しにくいと思います。（同種意見 61）,小学生,西部
733,急な通院や役所の手続きのときに、数時間だけ預けられる場所がもっとあると助かります。（同種意見 62）,0-2歳,中央
734,リフレッシュ目的でも一時預かりを使えると聞きますが、実際には予約が取りにくいです。（同種意見 62）,0-2歳,西部
735,子どもが熱を出すと仕事を休むしかなく、病児保育の枠が少ないと感じます。（同種意見 62）,3-5歳,南部
736,土日に勤務がある家庭向けの預かり支援がもう少しあると働き続けやすいです。（同種意見 62）,小学生,東部
737,補助金や健診の情報が別々のページにあり、何をいつ申請すればよいか分かりにくいです。（同種意見 62）,0-2歳,中央
738,妊娠中から小学校入学までの手続きを、時期ごとに一覧で見られると安心です。（同種意見 62）,妊娠中,北部
739,親子で参加できるイベントを探すのに、SNS、広報紙、施設掲示を全部見る必要があります。（同種意見 62）,3-5歳,西部
740,年齢別、地区別でイベントを検索できるカレンダーがあると参加しやすいです。（同種意見 62）,小学生,東部
741,こんなことで相談してよいのか迷うので、気軽に聞けるチャットやオンライン相談がほしいです。（同種意見 62）,0-2歳,南部
742,窓口に行く時間が取りにくく、夜でも相談予約ができると助かります。（同種意見 62）,3-5歳,中央
743,転入してきたばかりで知り合いが少なく、親子で地域とつながる場がほしいです。（同種意見 62）,0-2歳,北部
744,同じ悩みを持つ保護者同士で話せる小さな集まりがあると孤立しにくいと思います。（同種意見 62）,小学生,西部
745,急な通院や役所の手続きのときに、数時間だけ預けられる場所がもっとあると助かります。（同種意見 63）,0-2歳,中央
746,リフレッシュ目的でも一時預かりを使えると聞きますが、実際には予約が取りにくいです。（同種意見 63）,0-2歳,西部
747,子どもが熱を出すと仕事を休むしかなく、病児保育の枠が少ないと感じます。（同種意見 63）,3-5歳,南部
748,土日に勤務がある家庭向けの預かり支援がもう少しあると働き続けやすいです。（同種意見 63）,小学生,東部
749,補助金や健診の情報が別々のページにあり、何をいつ申請すればよいか分かりにくいです。（同種意見 63）,0-2歳,中央
750,妊娠中から小学校入学までの手続きを、時期ごとに一覧で見られると安心です。（同種意見 63）,妊娠中,北部
751,親子で参加できるイベントを探すのに、SNS、広報紙、施設掲示を全部見る必要があります。（同種意見 63）,3-5歳,西部
752,年齢別、地区別でイベントを検索できるカレンダーがあると参加しやすいです。（同種意見 63）,小学生,東部
753,こんなことで相談してよいのか迷うので、気軽に聞けるチャットやオンライン相談がほしいです。（同種意見 63）,0-2歳,南部
754,窓口に行く時間が取りにくく、夜でも相談予約ができると助かります。（同種意見 63）,3-5歳,中央
755,転入してきたばかりで知り合いが少なく、親子で地域とつながる場がほしいです。（同種意見 63）,0-2歳,北部
756,同じ悩みを持つ保護者同士で話せる小さな集まりがあると孤立しにくいと思います。（同種意見 63）,小学生,西部
757,急な通院や役所の手続きのときに、数時間だけ預けられる場所がもっとあると助かります。（同種意見 64）,0-2歳,中央
758,リフレッシュ目的でも一時預かりを使えると聞きますが、実際には予約が取りにくいです。（同種意見 64）,0-2歳,西部
759,子どもが熱を出すと仕事を休むしかなく、病児保育の枠が少ないと感じます。（同種意見 64）,3-5歳,南部
760,土日に勤務がある家庭向けの預かり支援がもう少しあると働き続けやすいです。（同種意見 64）,小学生,東部
761,補助金や健診の情報が別々のページにあり、何をいつ申請すればよいか分かりにくいです。（同種意見 64）,0-2歳,中央
762,妊娠中から小学校入学までの手続きを、時期ごとに一覧で見られると安心です。（同種意見 64）,妊娠中,北部
763,親子で参加できるイベントを探すのに、SNS、広報紙、施設掲示を全部見る必要があります。（同種意見 64）,3-5歳,西部
764,年齢別、地区別でイベントを検索できるカレンダーがあると参加しやすいです。（同種意見 64）,小学生,東部
765,こんなことで相談してよいのか迷うので、気軽に聞けるチャットやオンライン相談がほしいです。（同種意見 64）,0-2歳,南部
766,窓口に行く時間が取りにくく、夜でも相談予約ができると助かります。（同種意見 64）,3-5歳,中央
767,転入してきたばかりで知り合いが少なく、親子で地域とつながる場がほしいです。（同種意見 64）,0-2歳,北部
768,同じ悩みを持つ保護者同士で話せる小さな集まりがあると孤立しにくいと思います。（同種意見 64）,小学生,西部
769,急な通院や役所の手続きのときに、数時間だけ預けられる場所がもっとあると助かります。（同種意見 65）,0-2歳,中央
770,リフレッシュ目的でも一時預かりを使えると聞きますが、実際には予約が取りにくいです。（同種意見 65）,0-2歳,西部
771,子どもが熱を出すと仕事を休むしかなく、病児保育の枠が少ないと感じます。（同種意見 65）,3-5歳,南部
772,土日に勤務がある家庭向けの預かり支援がもう少しあると働き続けやすいです。（同種意見 65）,小学生,東部
773,補助金や健診の情報が別々のページにあり、何をいつ申請すればよいか分かりにくいです。（同種意見 65）,0-2歳,中央
774,妊娠中から小学校入学までの手続きを、時期ごとに一覧で見られると安心です。（同種意見 65）,妊娠中,北部
775,親子で参加できるイベントを探すのに、SNS、広報紙、施設掲示を全部見る必要があります。（同種意見 65）,3-5歳,西部
776,年齢別、地区別でイベントを検索できるカレンダーがあると参加しやすいです。（同種意見 65）,小学生,東部
777,こんなことで相談してよいのか迷うので、気軽に聞けるチャットやオンライン相談がほしいです。（同種意見 65）,0-2歳,南部
778,窓口に行く時間が取りにくく、夜でも相談予約ができると助かります。（同種意見 65）,3-5歳,中央
779,転入してきたばかりで知り合いが少なく、親子で地域とつながる場がほしいです。（同種意見 65）,0-2歳,北部
780,同じ悩みを持つ保護者同士で話せる小さな集まりがあると孤立しにくいと思います。（同種意見 65）,小学生,西部
781,急な通院や役所の手続きのときに、数時間だけ預けられる場所がもっとあると助かります。（同種意見 66）,0-2歳,中央
782,リフレッシュ目的でも一時預かりを使えると聞きますが、実際には予約が取りにくいです。（同種意見 66）,0-2歳,西部
783,子どもが熱を出すと仕事を休むしかなく、病児保育の枠が少ないと感じます。（同種意見 66）,3-5歳,南部
784,土日に勤務がある家庭向けの預かり支援がもう少しあると働き続けやすいです。（同種意見 66）,小学生,東部
785,補助金や健診の情報が別々のページにあり、何をいつ申請すればよいか分かりにくいです。（同種意見 66）,0-2歳,中央
786,妊娠中から小学校入学までの手続きを、時期ごとに一覧で見られると安心です。（同種意見 66）,妊娠中,北部
787,親子で参加できるイベントを探すのに、SNS、広報紙、施設掲示を全部見る必要があります。（同種意見 66）,3-5歳,西部
788,年齢別、地区別でイベントを検索できるカレンダーがあると参加しやすいです。（同種意見 66）,小学生,東部
789,こんなことで相談してよいのか迷うので、気軽に聞けるチャットやオンライン相談がほしいです。（同種意見 66）,0-2歳,南部
790,窓口に行く時間が取りにくく、夜でも相談予約ができると助かります。（同種意見 66）,3-5歳,中央
791,転入してきたばかりで知り合いが少なく、親子で地域とつながる場がほしいです。（同種意見 66）,0-2歳,北部
792,同じ悩みを持つ保護者同士で話せる小さな集まりがあると孤立しにくいと思います。（同種意見 66）,小学生,西部
793,急な通院や役所の手続きのときに、数時間だけ預けられる場所がもっとあると助かります。（同種意見 67）,0-2歳,中央
794,リフレッシュ目的でも一時預かりを使えると聞きますが、実際には予約が取りにくいです。（同種意見 67）,0-2歳,西部
795,子どもが熱を出すと仕事を休むしかなく、病児保育の枠が少ないと感じます。（同種意見 67）,3-5歳,南部
796,土日に勤務がある家庭向けの預かり支援がもう少しあると働き続けやすいです。（同種意見 67）,小学生,東部
797,補助金や健診の情報が別々のページにあり、何をいつ申請すればよいか分かりにくいです。（同種意見 67）,0-2歳,中央
798,妊娠中から小学校入学までの手続きを、時期ごとに一覧で見られると安心です。（同種意見 67）,妊娠中,北部
799,親子で参加できるイベントを探すのに、SNS、広報紙、施設掲示を全部見る必要があります。（同種意見 67）,3-5歳,西部
800,年齢別、地区別でイベントを検索できるカレンダーがあると参加しやすいです。（同種意見 67）,小学生,東部
801,こんなことで相談してよいのか迷うので、気軽に聞けるチャットやオンライン相談がほしいです。（同種意見 67）,0-2歳,南部
802,窓口に行く時間が取りにくく、夜でも相談予約ができると助かります。（同種意見 67）,3-5歳,中央
803,転入してきたばかりで知り合いが少なく、親子で地域とつながる場がほしいです。（同種意見 67）,0-2歳,北部
804,同じ悩みを持つ保護者同士で話せる小さな集まりがあると孤立しにくいと思います。（同種意見 67）,小学生,西部
805,急な通院や役所の手続きのときに、数時間だけ預けられる場所がもっとあると助かります。（同種意見 68）,0-2歳,中央
806,リフレッシュ目的でも一時預かりを使えると聞きますが、実際には予約が取りにくいです。（同種意見 68）,0-2歳,西部
807,子どもが熱を出すと仕事を休むしかなく、病児保育の枠が少ないと感じます。（同種意見 68）,3-5歳,南部
808,土日に勤務がある家庭向けの預かり支援がもう少しあると働き続けやすいです。（同種意見 68）,小学生,東部
809,補助金や健診の情報が別々のページにあり、何をいつ申請すればよいか分かりにくいです。（同種意見 68）,0-2歳,中央
810,妊娠中から小学校入学までの手続きを、時期ごとに一覧で見られると安心です。（同種意見 68）,妊娠中,北部
811,親子で参加できるイベントを探すのに、SNS、広報紙、施設掲示を全部見る必要があります。（同種意見 68）,3-5歳,西部
812,年齢別、地区別でイベントを検索できるカレンダーがあると参加しやすいです。（同種意見 68）,小学生,東部
813,こんなことで相談してよいのか迷うので、気軽に聞けるチャットやオンライン相談がほしいです。（同種意見 68）,0-2歳,南部
814,窓口に行く時間が取りにくく、夜でも相談予約ができると助かります。（同種意見 68）,3-5歳,中央
815,転入してきたばかりで知り合いが少なく、親子で地域とつながる場がほしいです。（同種意見 68）,0-2歳,北部
816,同じ悩みを持つ保護者同士で話せる小さな集まりがあると孤立しにくいと思います。（同種意見 68）,小学生,西部
817,急な通院や役所の手続きのときに、数時間だけ預けられる場所がもっとあると助かります。（同種意見 69）,0-2歳,中央
818,リフレッシュ目的でも一時預かりを使えると聞きますが、実際には予約が取りにくいです。（同種意見 69）,0-2歳,西部
819,子どもが熱を出すと仕事を休むしかなく、病児保育の枠が少ないと感じます。（同種意見 69）,3-5歳,南部
820,土日に勤務がある家庭向けの預かり支援がもう少しあると働き続けやすいです。（同種意見 69）,小学生,東部
821,補助金や健診の情報が別々のページにあり、何をいつ申請すればよいか分かりにくいです。（同種意見 69）,0-2歳,中央
822,妊娠中から小学校入学までの手続きを、時期ごとに一覧で見られると安心です。（同種意見 69）,妊娠中,北部
823,親子で参加できるイベントを探すのに、SNS、広報紙、施設掲示を全部見る必要があります。（同種意見 69）,3-5歳,西部
824,年齢別、地区別でイベントを検索できるカレンダーがあると参加しやすいです。（同種意見 69）,小学生,東部
825,こんなことで相談してよいのか迷うので、気軽に聞けるチャットやオンライン相談がほしいです。（同種意見 69）,0-2歳,南部
826,窓口に行く時間が取りにくく、夜でも相談予約ができると助かります。（同種意見 69）,3-5歳,中央
827,転入してきたばかりで知り合いが少なく、親子で地域とつながる場がほしいです。（同種意見 69）,0-2歳,北部
828,同じ悩みを持つ保護者同士で話せる小さな集まりがあると孤立しにくいと思います。（同種意見 69）,小学生,西部
829,急な通院や役所の手続きのときに、数時間だけ預けられる場所がもっとあると助かります。（同種意見 70）,0-2歳,中央
830,リフレッシュ目的でも一時預かりを使えると聞きますが、実際には予約が取りにくいです。（同種意見 70）,0-2歳,西部
831,子どもが熱を出すと仕事を休むしかなく、病児保育の枠が少ないと感じます。（同種意見 70）,3-5歳,南部
832,土日に勤務がある家庭向けの預かり支援がもう少しあると働き続けやすいです。（同種意見 70）,小学生,東部
833,補助金や健診の情報が別々のページにあり、何をいつ申請すればよいか分かりにくいです。（同種意見 70）,0-2歳,中央
834,妊娠中から小学校入学までの手続きを、時期ごとに一覧で見られると安心です。（同種意見 70）,妊娠中,北部
835,親子で参加できるイベントを探すのに、SNS、広報紙、施設掲示を全部見る必要があります。（同種意見 70）,3-5歳,西部
836,年齢別、地区別でイベントを検索できるカレンダーがあると参加しやすいです。（同種意見 70）,小学生,東部
837,こんなことで相談してよいのか迷うので、気軽に聞けるチャットやオンライン相談がほしいです。（同種意見 70）,0-2歳,南部
838,窓口に行く時間が取りにくく、夜でも相談予約ができると助かります。（同種意見 70）,3-5歳,中央
839,転入してきたばかりで知り合いが少なく、親子で地域とつながる場がほしいです。（同種意見 70）,0-2歳,北部
840,同じ悩みを持つ保護者同士で話せる小さな集まりがあると孤立しにくいと思います。（同種意見 70）,小学生,西部
841,急な通院や役所の手続きのときに、数時間だけ預けられる場所がもっとあると助かります。（同種意見 71）,0-2歳,中央
842,リフレッシュ目的でも一時預かりを使えると聞きますが、実際には予約が取りにくいです。（同種意見 71）,0-2歳,西部
843,子どもが熱を出すと仕事を休むしかなく、病児保育の枠が少ないと感じます。（同種意見 71）,3-5歳,南部
844,土日に勤務がある家庭向けの預かり支援がもう少しあると働き続けやすいです。（同種意見 71）,小学生,東部
845,補助金や健診の情報が別々のページにあり、何をいつ申請すればよいか分かりにくいです。（同種意見 71）,0-2歳,中央
846,妊娠中から小学校入学までの手続きを、時期ごとに一覧で見られると安心です。（同種意見 71）,妊娠中,北部
847,親子で参加できるイベントを探すのに、SNS、広報紙、施設掲示を全部見る必要があります。（同種意見 71）,3-5歳,西部
848,年齢別、地区別でイベントを検索できるカレンダーがあると参加しやすいです。（同種意見 71）,小学生,東部
849,こんなことで相談してよいのか迷うので、気軽に聞けるチャットやオンライン相談がほしいです。（同種意見 71）,0-2歳,南部
850,窓口に行く時間が取りにくく、夜でも相談予約ができると助かります。（同種意見 71）,3-5歳,中央
851,転入してきたばかりで知り合いが少なく、親子で地域とつながる場がほしいです。（同種意見 71）,0-2歳,北部
852,同じ悩みを持つ保護者同士で話せる小さな集まりがあると孤立しにくいと思います。（同種意見 71）,小学生,西部
853,急な通院や役所の手続きのときに、数時間だけ預けられる場所がもっとあると助かります。（同種意見 72）,0-2歳,中央
854,リフレッシュ目的でも一時預かりを使えると聞きますが、実際には予約が取りにくいです。（同種意見 72）,0-2歳,西部
855,子どもが熱を出すと仕事を休むしかなく、病児保育の枠が少ないと感じます。（同種意見 72）,3-5歳,南部
856,土日に勤務がある家庭向けの預かり支援がもう少しあると働き続けやすいです。（同種意見 72）,小学生,東部
857,補助金や健診の情報が別々のページにあり、何をいつ申請すればよいか分かりにくいです。（同種意見 72）,0-2歳,中央
858,妊娠中から小学校入学までの手続きを、時期ごとに一覧で見られると安心です。（同種意見 72）,妊娠中,北部
859,親子で参加できるイベントを探すのに、SNS、広報紙、施設掲示を全部見る必要があります。（同種意見 72）,3-5歳,西部
860,年齢別、地区別でイベントを検索できるカレンダーがあると参加しやすいです。（同種意見 72）,小学生,東部
861,こんなことで相談してよいのか迷うので、気軽に聞けるチャットやオンライン相談がほしいです。（同種意見 72）,0-2歳,南部
862,窓口に行く時間が取りにくく、夜でも相談予約ができると助かります。（同種意見 72）,3-5歳,中央
863,転入してきたばかりで知り合いが少なく、親子で地域とつながる場がほしいです。（同種意見 72）,0-2歳,北部
864,同じ悩みを持つ保護者同士で話せる小さな集まりがあると孤立しにくいと思います。（同種意見 72）,小学生,西部
865,急な通院や役所の手続きのときに、数時間だけ預けられる場所がもっとあると助かります。（同種意見 73）,0-2歳,中央
866,リフレッシュ目的でも一時預かりを使えると聞きますが、実際には予約が取りにくいです。（同種意見 73）,0-2歳,西部
867,子どもが熱を出すと仕事を休むしかなく、病児保育の枠が少ないと感じます。（同種意見 73）,3-5歳,南部
868,土日に勤務がある家庭向けの預かり支援がもう少しあると働き続けやすいです。（同種意見 73）,小学生,東部
869,補助金や健診の情報が別々のページにあり、何をいつ申請すればよいか分かりにくいです。（同種意見 73）,0-2歳,中央
870,妊娠中から小学校入学までの手続きを、時期ごとに一覧で見られると安心です。（同種意見 73）,妊娠中,北部
871,親子で参加できるイベントを探すのに、SNS、広報紙、施設掲示を全部見る必要があります。（同種意見 73）,3-5歳,西部
872,年齢別、地区別でイベントを検索できるカレンダーがあると参加しやすいです。（同種意見 73）,小学生,東部
873,こんなことで相談してよいのか迷うので、気軽に聞けるチャットやオンライン相談がほしいです。（同種意見 73）,0-2歳,南部
874,窓口に行く時間が取りにくく、夜でも相談予約ができると助かります。（同種意見 73）,3-5歳,中央
875,転入してきたばかりで知り合いが少なく、親子で地域とつながる場がほしいです。（同種意見 73）,0-2歳,北部
876,同じ悩みを持つ保護者同士で話せる小さな集まりがあると孤立しにくいと思います。（同種意見 73）,小学生,西部
877,急な通院や役所の手続きのときに、数時間だけ預けられる場所がもっとあると助かります。（同種意見 74）,0-2歳,中央
878,リフレッシュ目的でも一時預かりを使えると聞きますが、実際には予約が取りにくいです。（同種意見 74）,0-2歳,西部
879,子どもが熱を出すと仕事を休むしかなく、病児保育の枠が少ないと感じます。（同種意見 74）,3-5歳,南部
880,土日に勤務がある家庭向けの預かり支援がもう少しあると働き続けやすいです。（同種意見 74）,小学生,東部
881,補助金や健診の情報が別々のページにあり、何をいつ申請すればよいか分かりにくいです。（同種意見 74）,0-2歳,中央
882,妊娠中から小学校入学までの手続きを、時期ごとに一覧で見られると安心です。（同種意見 74）,妊娠中,北部
883,親子で参加できるイベントを探すのに、SNS、広報紙、施設掲示を全部見る必要があります。（同種意見 74）,3-5歳,西部
884,年齢別、地区別でイベントを検索できるカレンダーがあると参加しやすいです。（同種意見 74）,小学生,東部
885,こんなことで相談してよいのか迷うので、気軽に聞けるチャットやオンライン相談がほしいです。（同種意見 74）,0-2歳,南部
886,窓口に行く時間が取りにくく、夜でも相談予約ができると助かります。（同種意見 74）,3-5歳,中央
887,転入してきたばかりで知り合いが少なく、親子で地域とつながる場がほしいです。（同種意見 74）,0-2歳,北部
888,同じ悩みを持つ保護者同士で話せる小さな集まりがあると孤立しにくいと思います。（同種意見 74）,小学生,西部
889,急な通院や役所の手続きのときに、数時間だけ預けられる場所がもっとあると助かります。（同種意見 75）,0-2歳,中央
890,リフレッシュ目的でも一時預かりを使えると聞きますが、実際には予約が取りにくいです。（同種意見 75）,0-2歳,西部
891,子どもが熱を出すと仕事を休むしかなく、病児保育の枠が少ないと感じます。（同種意見 75）,3-5歳,南部
892,土日に勤務がある家庭向けの預かり支援がもう少しあると働き続けやすいです。（同種意見 75）,小学生,東部
893,補助金や健診の情報が別々のページにあり、何をいつ申請すればよいか分かりにくいです。（同種意見 75）,0-2歳,中央
894,妊娠中から小学校入学までの手続きを、時期ごとに一覧で見られると安心です。（同種意見 75）,妊娠中,北部
895,親子で参加できるイベントを探すのに、SNS、広報紙、施設掲示を全部見る必要があります。（同種意見 75）,3-5歳,西部
896,年齢別、地区別でイベントを検索できるカレンダーがあると参加しやすいです。（同種意見 75）,小学生,東部
897,こんなことで相談してよいのか迷うので、気軽に聞けるチャットやオンライン相談がほしいです。（同種意見 75）,0-2歳,南部
898,窓口に行く時間が取りにくく、夜でも相談予約ができると助かります。（同種意見 75）,3-5歳,中央
899,転入してきたばかりで知り合いが少なく、親子で地域とつながる場がほしいです。（同種意見 75）,0-2歳,北部
900,同じ悩みを持つ保護者同士で話せる小さな集まりがあると孤立しにくいと思います。（同種意見 75）,小学生,西部
901,急な通院や役所の手続きのときに、数時間だけ預けられる場所がもっとあると助かります。（同種意見 76）,0-2歳,中央
902,リフレッシュ目的でも一時預かりを使えると聞きますが、実際には予約が取りにくいです。（同種意見 76）,0-2歳,西部
903,子どもが熱を出すと仕事を休むしかなく、病児保育の枠が少ないと感じます。（同種意見 76）,3-5歳,南部
904,土日に勤務がある家庭向けの預かり支援がもう少しあると働き続けやすいです。（同種意見 76）,小学生,東部
905,補助金や健診の情報が別々のページにあり、何をいつ申請すればよいか分かりにくいです。（同種意見 76）,0-2歳,中央
906,妊娠中から小学校入学までの手続きを、時期ごとに一覧で見られると安心です。（同種意見 76）,妊娠中,北部
907,親子で参加できるイベントを探すのに、SNS、広報紙、施設掲示を全部見る必要があります。（同種意見 76）,3-5歳,西部
908,年齢別、地区別でイベントを検索できるカレンダーがあると参加しやすいです。（同種意見 76）,小学生,東部
909,こんなことで相談してよいのか迷うので、気軽に聞けるチャットやオンライン相談がほしいです。（同種意見 76）,0-2歳,南部
910,窓口に行く時間が取りにくく、夜でも相談予約ができると助かります。（同種意見 76）,3-5歳,中央
911,転入してきたばかりで知り合いが少なく、親子で地域とつながる場がほしいです。（同種意見 76）,0-2歳,北部
912,同じ悩みを持つ保護者同士で話せる小さな集まりがあると孤立しにくいと思います。（同種意見 76）,小学生,西部
913,急な通院や役所の手続きのときに、数時間だけ預けられる場所がもっとあると助かります。（同種意見 77）,0-2歳,中央
914,リフレッシュ目的でも一時預かりを使えると聞きますが、実際には予約が取りにくいです。（同種意見 77）,0-2歳,西部
915,子どもが熱を出すと仕事を休むしかなく、病児保育の枠が少ないと感じます。（同種意見 77）,3-5歳,南部
916,土日に勤務がある家庭向けの預かり支援がもう少しあると働き続けやすいです。（同種意見 77）,小学生,東部
917,補助金や健診の情報が別々のページにあり、何をいつ申請すればよいか分かりにくいです。（同種意見 77）,0-2歳,中央
918,妊娠中から小学校入学までの手続きを、時期ごとに一覧で見られると安心です。（同種意見 77）,妊娠中,北部
919,親子で参加できるイベントを探すのに、SNS、広報紙、施設掲示を全部見る必要があります。（同種意見 77）,3-5歳,西部
920,年齢別、地区別でイベントを検索できるカレンダーがあると参加しやすいです。（同種意見 77）,小学生,東部
921,こんなことで相談してよいのか迷うので、気軽に聞けるチャットやオンライン相談がほしいです。（同種意見 77）,0-2歳,南部
922,窓口に行く時間が取りにくく、夜でも相談予約ができると助かります。（同種意見 77）,3-5歳,中央
923,転入してきたばかりで知り合いが少なく、親子で地域とつながる場がほしいです。（同種意見 77）,0-2歳,北部
924,同じ悩みを持つ保護者同士で話せる小さな集まりがあると孤立しにくいと思います。（同種意見 77）,小学生,西部
925,急な通院や役所の手続きのときに、数時間だけ預けられる場所がもっとあると助かります。（同種意見 78）,0-2歳,中央
926,リフレッシュ目的でも一時預かりを使えると聞きますが、実際には予約が取りにくいです。（同種意見 78）,0-2歳,西部
927,子どもが熱を出すと仕事を休むしかなく、病児保育の枠が少ないと感じます。（同種意見 78）,3-5歳,南部
928,土日に勤務がある家庭向けの預かり支援がもう少しあると働き続けやすいです。（同種意見 78）,小学生,東部
929,補助金や健診の情報が別々のページにあり、何をいつ申請すればよいか分かりにくいです。（同種意見 78）,0-2歳,中央
930,妊娠中から小学校入学までの手続きを、時期ごとに一覧で見られると安心です。（同種意見 78）,妊娠中,北部
931,親子で参加できるイベントを探すのに、SNS、広報紙、施設掲示を全部見る必要があります。（同種意見 78）,3-5歳,西部
932,年齢別、地区別でイベントを検索できるカレンダーがあると参加しやすいです。（同種意見 78）,小学生,東部
933,こんなことで相談してよいのか迷うので、気軽に聞けるチャットやオンライン相談がほしいです。（同種意見 78）,0-2歳,南部
934,窓口に行く時間が取りにくく、夜でも相談予約ができると助かります。（同種意見 78）,3-5歳,中央
935,転入してきたばかりで知り合いが少なく、親子で地域とつながる場がほしいです。（同種意見 78）,0-2歳,北部
936,同じ悩みを持つ保護者同士で話せる小さな集まりがあると孤立しにくいと思います。（同種意見 78）,小学生,西部
937,急な通院や役所の手続きのときに、数時間だけ預けられる場所がもっとあると助かります。（同種意見 79）,0-2歳,中央
938,リフレッシュ目的でも一時預かりを使えると聞きますが、実際には予約が取りにくいです。（同種意見 79）,0-2歳,西部
939,子どもが熱を出すと仕事を休むしかなく、病児保育の枠が少ないと感じます。（同種意見 79）,3-5歳,南部
940,土日に勤務がある家庭向けの預かり支援がもう少しあると働き続けやすいです。（同種意見 79）,小学生,東部
941,補助金や健診の情報が別々のページにあり、何をいつ申請すればよいか分かりにくいです。（同種意見 79）,0-2歳,中央
942,妊娠中から小学校入学までの手続きを、時期ごとに一覧で見られると安心です。（同種意見 79）,妊娠中,北部
943,親子で参加できるイベントを探すのに、SNS、広報紙、施設掲示を全部見る必要があります。（同種意見 79）,3-5歳,西部
944,年齢別、地区別でイベントを検索できるカレンダーがあると参加しやすいです。（同種意見 79）,小学生,東部
945,こんなことで相談してよいのか迷うので、気軽に聞けるチャットやオンライン相談がほしいです。（同種意見 79）,0-2歳,南部
946,窓口に行く時間が取りにくく、夜でも相談予約ができると助かります。（同種意見 79）,3-5歳,中央
947,転入してきたばかりで知り合いが少なく、親子で地域とつながる場がほしいです。（同種意見 79）,0-2歳,北部
948,同じ悩みを持つ保護者同士で話せる小さな集まりがあると孤立しにくいと思います。（同種意見 79）,小学生,西部
949,急な通院や役所の手続きのときに、数時間だけ預けられる場所がもっとあると助かります。（同種意見 80）,0-2歳,中央
950,リフレッシュ目的でも一時預かりを使えると聞きますが、実際には予約が取りにくいです。（同種意見 80）,0-2歳,西部
951,子どもが熱を出すと仕事を休むしかなく、病児保育の枠が少ないと感じます。（同種意見 80）,3-5歳,南部
952,土日に勤務がある家庭向けの預かり支援がもう少しあると働き続けやすいです。（同種意見 80）,小学生,東部
953,補助金や健診の情報が別々のページにあり、何をいつ申請すればよいか分かりにくいです。（同種意見 80）,0-2歳,中央
954,妊娠中から小学校入学までの手続きを、時期ごとに一覧で見られると安心です。（同種意見 80）,妊娠中,北部
955,親子で参加できるイベントを探すのに、SNS、広報紙、施設掲示を全部見る必要があります。（同種意見 80）,3-5歳,西部
956,年齢別、地区別でイベントを検索できるカレンダーがあると参加しやすいです。（同種意見 80）,小学生,東部
957,こんなことで相談してよいのか迷うので、気軽に聞けるチャットやオンライン相談がほしいです。（同種意見 80）,0-2歳,南部
958,窓口に行く時間が取りにくく、夜でも相談予約ができると助かります。（同種意見 80）,3-5歳,中央
959,転入してきたばかりで知り合いが少なく、親子で地域とつながる場がほしいです。（同種意見 80）,0-2歳,北部
960,同じ悩みを持つ保護者同士で話せる小さな集まりがあると孤立しにくいと思います。（同種意見 80）,小学生,西部
961,急な通院や役所の手続きのときに、数時間だけ預けられる場所がもっとあると助かります。（同種意見 81）,0-2歳,中央
962,リフレッシュ目的でも一時預かりを使えると聞きますが、実際には予約が取りにくいです。（同種意見 81）,0-2歳,西部
963,子どもが熱を出すと仕事を休むしかなく、病児保育の枠が少ないと感じます。（同種意見 81）,3-5歳,南部
964,土日に勤務がある家庭向けの預かり支援がもう少しあると働き続けやすいです。（同種意見 81）,小学生,東部
965,補助金や健診の情報が別々のページにあり、何をいつ申請すればよいか分かりにくいです。（同種意見 81）,0-2歳,中央
966,妊娠中から小学校入学までの手続きを、時期ごとに一覧で見られると安心です。（同種意見 81）,妊娠中,北部
967,親子で参加できるイベントを探すのに、SNS、広報紙、施設掲示を全部見る必要があります。（同種意見 81）,3-5歳,西部
968,年齢別、地区別でイベントを検索できるカレンダーがあると参加しやすいです。（同種意見 81）,小学生,東部
969,こんなことで相談してよいのか迷うので、気軽に聞けるチャットやオンライン相談がほしいです。（同種意見 81）,0-2歳,南部
970,窓口に行く時間が取りにくく、夜でも相談予約ができると助かります。（同種意見 81）,3-5歳,中央
971,転入してきたばかりで知り合いが少なく、親子で地域とつながる場がほしいです。（同種意見 81）,0-2歳,北部
972,同じ悩みを持つ保護者同士で話せる小さな集まりがあると孤立しにくいと思います。（同種意見 81）,小学生,西部
973,急な通院や役所の手続きのときに、数時間だけ預けられる場所がもっとあると助かります。（同種意見 82）,0-2歳,中央
974,リフレッシュ目的でも一時預かりを使えると聞きますが、実際には予約が取りにくいです。（同種意見 82）,0-2歳,西部
975,子どもが熱を出すと仕事を休むしかなく、病児保育の枠が少ないと感じます。（同種意見 82）,3-5歳,南部
976,土日に勤務がある家庭向けの預かり支援がもう少しあると働き続けやすいです。（同種意見 82）,小学生,東部
977,補助金や健診の情報が別々のページにあり、何をいつ申請すればよいか分かりにくいです。（同種意見 82）,0-2歳,中央
978,妊娠中から小学校入学までの手続きを、時期ごとに一覧で見られると安心です。（同種意見 82）,妊娠中,北部
979,親子で参加できるイベントを探すのに、SNS、広報紙、施設掲示を全部見る必要があります。（同種意見 82）,3-5歳,西部
980,年齢別、地区別でイベントを検索できるカレンダーがあると参加しやすいです。（同種意見 82）,小学生,東部
981,こんなことで相談してよいのか迷うので、気軽に聞けるチャットやオンライン相談がほしいです。（同種意見 82）,0-2歳,南部
982,窓口に行く時間が取りにくく、夜でも相談予約ができると助かります。（同種意見 82）,3-5歳,中央
983,転入してきたばかりで知り合いが少なく、親子で地域とつながる場がほしいです。（同種意見 82）,0-2歳,北部
984,同じ悩みを持つ保護者同士で話せる小さな集まりがあると孤立しにくいと思います。（同種意見 82）,小学生,西部
985,急な通院や役所の手続きのときに、数時間だけ預けられる場所がもっとあると助かります。（同種意見 83）,0-2歳,中央
986,リフレッシュ目的でも一時預かりを使えると聞きますが、実際には予約が取りにくいです。（同種意見 83）,0-2歳,西部
987,子どもが熱を出すと仕事を休むしかなく、病児保育の枠が少ないと感じます。（同種意見 83）,3-5歳,南部
988,土日に勤務がある家庭向けの預かり支援がもう少しあると働き続けやすいです。（同種意見 83）,小学生,東部
989,補助金や健診の情報が別々のページにあり、何をいつ申請すればよいか分かりにくいです。（同種意見 83）,0-2歳,中央
990,妊娠中から小学校入学までの手続きを、時期ごとに一覧で見られると安心です。（同種意見 83）,妊娠中,北部
991,親子で参加できるイベントを探すのに、SNS、広報紙、施設掲示を全部見る必要があります。（同種意見 83）,3-5歳,西部
992,年齢別、地区別でイベントを検索できるカレンダーがあると参加しやすいです。（同種意見 83）,小学生,東部
993,こんなことで相談してよいのか迷うので、気軽に聞けるチャットやオンライン相談がほしいです。（同種意見 83）,0-2歳,南部
994,窓口に行く時間が取りにくく、夜でも相談予約ができると助かります。（同種意見 83）,3-5歳,中央
995,転入してきたばかりで知り合いが少なく、親子で地域とつながる場がほしいです。（同種意見 83）,0-2歳,北部
996,同じ悩みを持つ保護者同士で話せる小さな集まりがあると孤立しにくいと思います。（同種意見 83）,小学生,西部
997,急な通院や役所の手続きのときに、数時間だけ預けられる場所がもっとあると助かります。（同種意見 84）,0-2歳,中央
998,リフレッシュ目的でも一時預かりを使えると聞きますが、実際には予約が取りにくいです。（同種意見 84）,0-2歳,西部
999,子どもが熱を出すと仕事を休むしかなく、病児保育の枠が少ないと感じます。（同種意見 84）,3-5歳,南部
1000,土日に勤務がある家庭向けの預かり支援がもう少しあると働き続けやすいです。（同種意見 84）,小学生,東部
