id,comment,position,stakeholder,channel
1,施設の老朽化が進んでいるので、維持管理費の一部を利用者が負担する考え方自体は理解できます。,条件付き賛成,一般利用者,Webフォーム
2,無料に近い料金のままでは将来の修繕費が不足すると思うので、根拠を示した上で見直すべきです。,賛成,一般利用者,紙提出
3,一度に倍近く上がると、定期利用している団体は活動回数を減らさざるを得ません。,反対,市民団体,Webフォーム
4,値上げする場合でも、初年度は小幅にして段階的に移行する方法を検討してほしいです。,条件付き賛成,地域団体,説明会
5,子育てサークルは参加費を低く抑えているため、部屋代が上がると参加者負担に直結します。,反対,子育て団体,Webフォーム
6,地域の自主活動まで同じ料金体系にすると、住民同士の交流の場が減るのではないでしょうか。,反対,自治会,紙提出
7,高齢者の体操教室は健康づくりにもつながるので、減免の対象として残してほしいです。,条件付き賛成,高齢者団体,説明会
8,低所得の方も使える公共施設であるため、所得や活動目的に応じた配慮が必要です。,条件付き賛成,支援団体,Webフォーム
9,なぜこの金額になるのか、算定式や維持管理費の内訳が資料からは分かりません。,説明不足,一般利用者,Webフォーム
10,近隣自治体との比較だけでなく、施設の稼働率や利用目的ごとの影響も示してほしいです。,説明不足,市民団体,紙提出
11,意見募集期間が短く、利用団体内で十分に話し合う時間がありませんでした。,手続き懸念,地域団体,説明会
12,現行案だけでなく、段階導入案や時間帯別料金案など複数案を比較できると判断しやすいです。,代替案提案,一般利用者,Webフォーム
13,施設の老朽化が進んでいるので、維持管理費の一部を利用者が負担する考え方自体は理解できます。（同種意見 2）,条件付き賛成,一般利用者,Webフォーム
14,無料に近い料金のままでは将来の修繕費が不足すると思うので、根拠を示した上で見直すべきです。（同種意見 2）,賛成,一般利用者,紙提出
15,一度に倍近く上がると、定期利用している団体は活動回数を減らさざるを得ません。（同種意見 2）,反対,市民団体,Webフォーム
16,値上げする場合でも、初年度は小幅にして段階的に移行する方法を検討してほしいです。（同種意見 2）,条件付き賛成,地域団体,説明会
17,子育てサークルは参加費を低く抑えているため、部屋代が上がると参加者負担に直結します。（同種意見 2）,反対,子育て団体,Webフォーム
18,地域の自主活動まで同じ料金体系にすると、住民同士の交流の場が減るのではないでしょうか。（同種意見 2）,反対,自治会,紙提出
19,高齢者の体操教室は健康づくりにもつながるので、減免の対象として残してほしいです。（同種意見 2）,条件付き賛成,高齢者団体,説明会
20,低所得の方も使える公共施設であるため、所得や活動目的に応じた配慮が必要です。（同種意見 2）,条件付き賛成,支援団体,Webフォーム
21,なぜこの金額になるのか、算定式や維持管理費の内訳が資料からは分かりません。（同種意見 2）,説明不足,一般利用者,Webフォーム
22,近隣自治体との比較だけでなく、施設の稼働率や利用目的ごとの影響も示してほしいです。（同種意見 2）,説明不足,市民団体,紙提出
23,意見募集期間が短く、利用団体内で十分に話し合う時間がありませんでした。（同種意見 2）,手続き懸念,地域団体,説明会
24,現行案だけでなく、段階導入案や時間帯別料金案など複数案を比較できると判断しやすいです。（同種意見 2）,代替案提案,一般利用者,Webフォーム
25,施設の老朽化が進んでいるので、維持管理費の一部を利用者が負担する考え方自体は理解できます。（同種意見 3）,条件付き賛成,一般利用者,Webフォーム
26,無料に近い料金のままでは将来の修繕費が不足すると思うので、根拠を示した上で見直すべきです。（同種意見 3）,賛成,一般利用者,紙提出
27,一度に倍近く上がると、定期利用している団体は活動回数を減らさざるを得ません。（同種意見 3）,反対,市民団体,Webフォーム
28,値上げする場合でも、初年度は小幅にして段階的に移行する方法を検討してほしいです。（同種意見 3）,条件付き賛成,地域団体,説明会
29,子育てサークルは参加費を低く抑えているため、部屋代が上がると参加者負担に直結します。（同種意見 3）,反対,子育て団体,Webフォーム
30,地域の自主活動まで同じ料金体系にすると、住民同士の交流の場が減るのではないでしょうか。（同種意見 3）,反対,自治会,紙提出
31,高齢者の体操教室は健康づくりにもつながるので、減免の対象として残してほしいです。（同種意見 3）,条件付き賛成,高齢者団体,説明会
32,低所得の方も使える公共施設であるため、所得や活動目的に応じた配慮が必要です。（同種意見 3）,条件付き賛成,支援団体,Webフォーム
33,なぜこの金額になるのか、算定式や維持管理費の内訳が資料からは分かりません。（同種意見 3）,説明不足,一般利用者,Webフォーム
34,近隣自治体との比較だけでなく、施設の稼働率や利用目的ごとの影響も示してほしいです。（同種意見 3）,説明不足,市民団体,紙提出
35,意見募集期間が短く、利用団体内で十分に話し合う時間がありませんでした。（同種意見 3）,手続き懸念,地域団体,説明会
36,現行案だけでなく、段階導入案や時間帯別料金案など複数案を比較できると判断しやすいです。（同種意見 3）,代替案提案,一般利用者,Webフォーム
37,施設の老朽化が進んでいるので、維持管理費の一部を利用者が負担する考え方自体は理解できます。（同種意見 4）,条件付き賛成,一般利用者,Webフォーム
38,無料に近い料金のままでは将来の修繕費が不足すると思うので、根拠を示した上で見直すべきです。（同種意見 4）,賛成,一般利用者,紙提出
39,一度に倍近く上がると、定期利用している団体は活動回数を減らさざるを得ません。（同種意見 4）,反対,市民団体,Webフォーム
40,値上げする場合でも、初年度は小幅にして段階的に移行する方法を検討してほしいです。（同種意見 4）,条件付き賛成,地域団体,説明会
41,子育てサークルは参加費を低く抑えているため、部屋代が上がると参加者負担に直結します。（同種意見 4）,反対,子育て団体,Webフォーム
42,地域の自主活動まで同じ料金体系にすると、住民同士の交流の場が減るのではないでしょうか。（同種意見 4）,反対,自治会,紙提出
43,高齢者の体操教室は健康づくりにもつながるので、減免の対象として残してほしいです。（同種意見 4）,条件付き賛成,高齢者団体,説明会
44,低所得の方も使える公共施設であるため、所得や活動目的に応じた配慮が必要です。（同種意見 4）,条件付き賛成,支援団体,Webフォーム
45,なぜこの金額になるのか、算定式や維持管理費の内訳が資料からは分かりません。（同種意見 4）,説明不足,一般利用者,Webフォーム
46,近隣自治体との比較だけでなく、施設の稼働率や利用目的ごとの影響も示してほしいです。（同種意見 4）,説明不足,市民団体,紙提出
47,意見募集期間が短く、利用団体内で十分に話し合う時間がありませんでした。（同種意見 4）,手続き懸念,地域団体,説明会
48,現行案だけでなく、段階導入案や時間帯別料金案など複数案を比較できると判断しやすいです。（同種意見 4）,代替案提案,一般利用者,Webフォーム
49,施設の老朽化が進んでいるので、維持管理費の一部を利用者が負担する考え方自体は理解できます。（同種意見 5）,条件付き賛成,一般利用者,Webフォーム
50,無料に近い料金のままでは将来の修繕費が不足すると思うので、根拠を示した上で見直すべきです。（同種意見 5）,賛成,一般利用者,紙提出
51,一度に倍近く上がると、定期利用している団体は活動回数を減らさざるを得ません。（同種意見 5）,反対,市民団体,Webフォーム
52,値上げする場合でも、初年度は小幅にして段階的に移行する方法を検討してほしいです。（同種意見 5）,条件付き賛成,地域団体,説明会
53,子育てサークルは参加費を低く抑えているため、部屋代が上がると参加者負担に直結します。（同種意見 5）,反対,子育て団体,Webフォーム
54,地域の自主活動まで同じ料金体系にすると、住民同士の交流の場が減るのではないでしょうか。（同種意見 5）,反対,自治会,紙提出
55,高齢者の体操教室は健康づくりにもつながるので、減免の対象として残してほしいです。（同種意見 5）,条件付き賛成,高齢者団体,説明会
56,低所得の方も使える公共施設であるため、所得や活動目的に応じた配慮が必要です。（同種意見 5）,条件付き賛成,支援団体,Webフォーム
57,なぜこの金額になるのか、算定式や維持管理費の内訳が資料からは分かりません。（同種意見 5）,説明不足,一般利用者,Webフォーム
58,近隣自治体との比較だけでなく、施設の稼働率や利用目的ごとの影響も示してほしいです。（同種意見 5）,説明不足,市民団体,紙提出
59,意見募集期間が短く、利用団体内で十分に話し合う時間がありませんでした。（同種意見 5）,手続き懸念,地域団体,説明会
60,現行案だけでなく、段階導入案や時間帯別料金案など複数案を比較できると判断しやすいです。（同種意見 5）,代替案提案,一般利用者,Webフォーム
61,施設の老朽化が進んでいるので、維持管理費の一部を利用者が負担する考え方自体は理解できます。（同種意見 6）,条件付き賛成,一般利用者,Webフォーム
62,無料に近い料金のままでは将来の修繕費が不足すると思うので、根拠を示した上で見直すべきです。（同種意見 6）,賛成,一般利用者,紙提出
63,一度に倍近く上がると、定期利用している団体は活動回数を減らさざるを得ません。（同種意見 6）,反対,市民団体,Webフォーム
64,値上げする場合でも、初年度は小幅にして段階的に移行する方法を検討してほしいです。（同種意見 6）,条件付き賛成,地域団体,説明会
65,子育てサークルは参加費を低く抑えているため、部屋代が上がると参加者負担に直結します。（同種意見 6）,反対,子育て団体,Webフォーム
66,地域の自主活動まで同じ料金体系にすると、住民同士の交流の場が減るのではないでしょうか。（同種意見 6）,反対,自治会,紙提出
67,高齢者の体操教室は健康づくりにもつながるので、減免の対象として残してほしいです。（同種意見 6）,条件付き賛成,高齢者団体,説明会
68,低所得の方も使える公共施設であるため、所得や活動目的に応じた配慮が必要です。（同種意見 6）,条件付き賛成,支援団体,Webフォーム
69,なぜこの金額になるのか、算定式や維持管理費の内訳が資料からは分かりません。（同種意見 6）,説明不足,一般利用者,Webフォーム
70,近隣自治体との比較だけでなく、施設の稼働率や利用目的ごとの影響も示してほしいです。（同種意見 6）,説明不足,市民団体,紙提出
71,意見募集期間が短く、利用団体内で十分に話し合う時間がありませんでした。（同種意見 6）,手続き懸念,地域団体,説明会
72,現行案だけでなく、段階導入案や時間帯別料金案など複数案を比較できると判断しやすいです。（同種意見 6）,代替案提案,一般利用者,Webフォーム
73,施設の老朽化が進んでいるので、維持管理費の一部を利用者が負担する考え方自体は理解できます。（同種意見 7）,条件付き賛成,一般利用者,Webフォーム
74,無料に近い料金のままでは将来の修繕費が不足すると思うので、根拠を示した上で見直すべきです。（同種意見 7）,賛成,一般利用者,紙提出
75,一度に倍近く上がると、定期利用している団体は活動回数を減らさざるを得ません。（同種意見 7）,反対,市民団体,Webフォーム
76,値上げする場合でも、初年度は小幅にして段階的に移行する方法を検討してほしいです。（同種意見 7）,条件付き賛成,地域団体,説明会
77,子育てサークルは参加費を低く抑えているため、部屋代が上がると参加者負担に直結します。（同種意見 7）,反対,子育て団体,Webフォーム
78,地域の自主活動まで同じ料金体系にすると、住民同士の交流の場が減るのではないでしょうか。（同種意見 7）,反対,自治会,紙提出
79,高齢者の体操教室は健康づくりにもつながるので、減免の対象として残してほしいです。（同種意見 7）,条件付き賛成,高齢者団体,説明会
80,低所得の方も使える公共施設であるため、所得や活動目的に応じた配慮が必要です。（同種意見 7）,条件付き賛成,支援団体,Webフォーム
81,なぜこの金額になるのか、算定式や維持管理費の内訳が資料からは分かりません。（同種意見 7）,説明不足,一般利用者,Webフォーム
82,近隣自治体との比較だけでなく、施設の稼働率や利用目的ごとの影響も示してほしいです。（同種意見 7）,説明不足,市民団体,紙提出
83,意見募集期間が短く、利用団体内で十分に話し合う時間がありませんでした。（同種意見 7）,手続き懸念,地域団体,説明会
84,現行案だけでなく、段階導入案や時間帯別料金案など複数案を比較できると判断しやすいです。（同種意見 7）,代替案提案,一般利用者,Webフォーム
85,施設の老朽化が進んでいるので、維持管理費の一部を利用者が負担する考え方自体は理解できます。（同種意見 8）,条件付き賛成,一般利用者,Webフォーム
86,無料に近い料金のままでは将来の修繕費が不足すると思うので、根拠を示した上で見直すべきです。（同種意見 8）,賛成,一般利用者,紙提出
87,一度に倍近く上がると、定期利用している団体は活動回数を減らさざるを得ません。（同種意見 8）,反対,市民団体,Webフォーム
88,値上げする場合でも、初年度は小幅にして段階的に移行する方法を検討してほしいです。（同種意見 8）,条件付き賛成,地域団体,説明会
89,子育てサークルは参加費を低く抑えているため、部屋代が上がると参加者負担に直結します。（同種意見 8）,反対,子育て団体,Webフォーム
90,地域の自主活動まで同じ料金体系にすると、住民同士の交流の場が減るのではないでしょうか。（同種意見 8）,反対,自治会,紙提出
91,高齢者の体操教室は健康づくりにもつながるので、減免の対象として残してほしいです。（同種意見 8）,条件付き賛成,高齢者団体,説明会
92,低所得の方も使える公共施設であるため、所得や活動目的に応じた配慮が必要です。（同種意見 8）,条件付き賛成,支援団体,Webフォーム
93,なぜこの金額になるのか、算定式や維持管理費の内訳が資料からは分かりません。（同種意見 8）,説明不足,一般利用者,Webフォーム
94,近隣自治体との比較だけでなく、施設の稼働率や利用目的ごとの影響も示してほしいです。（同種意見 8）,説明不足,市民団体,紙提出
95,意見募集期間が短く、利用団体内で十分に話し合う時間がありませんでした。（同種意見 8）,手続き懸念,地域団体,説明会
96,現行案だけでなく、段階導入案や時間帯別料金案など複数案を比較できると判断しやすいです。（同種意見 8）,代替案提案,一般利用者,Webフォーム
97,施設の老朽化が進んでいるので、維持管理費の一部を利用者が負担する考え方自体は理解できます。（同種意見 9）,条件付き賛成,一般利用者,Webフォーム
98,無料に近い料金のままでは将来の修繕費が不足すると思うので、根拠を示した上で見直すべきです。（同種意見 9）,賛成,一般利用者,紙提出
99,一度に倍近く上がると、定期利用している団体は活動回数を減らさざるを得ません。（同種意見 9）,反対,市民団体,Webフォーム
100,値上げする場合でも、初年度は小幅にして段階的に移行する方法を検討してほしいです。（同種意見 9）,条件付き賛成,地域団体,説明会
101,子育てサークルは参加費を低く抑えているため、部屋代が上がると参加者負担に直結します。（同種意見 9）,反対,子育て団体,Webフォーム
102,地域の自主活動まで同じ料金体系にすると、住民同士の交流の場が減るのではないでしょうか。（同種意見 9）,反対,自治会,紙提出
103,高齢者の体操教室は健康づくりにもつながるので、減免の対象として残してほしいです。（同種意見 9）,条件付き賛成,高齢者団体,説明会
104,低所得の方も使える公共施設であるため、所得や活動目的に応じた配慮が必要です。（同種意見 9）,条件付き賛成,支援団体,Webフォーム
105,なぜこの金額になるのか、算定式や維持管理費の内訳が資料からは分かりません。（同種意見 9）,説明不足,一般利用者,Webフォーム
106,近隣自治体との比較だけでなく、施設の稼働率や利用目的ごとの影響も示してほしいです。（同種意見 9）,説明不足,市民団体,紙提出
107,意見募集期間が短く、利用団体内で十分に話し合う時間がありませんでした。（同種意見 9）,手続き懸念,地域団体,説明会
108,現行案だけでなく、段階導入案や時間帯別料金案など複数案を比較できると判断しやすいです。（同種意見 9）,代替案提案,一般利用者,Webフォーム
109,施設の老朽化が進んでいるので、維持管理費の一部を利用者が負担する考え方自体は理解できます。（同種意見 10）,条件付き賛成,一般利用者,Webフォーム
110,無料に近い料金のままでは将来の修繕費が不足すると思うので、根拠を示した上で見直すべきです。（同種意見 10）,賛成,一般利用者,紙提出
111,一度に倍近く上がると、定期利用している団体は活動回数を減らさざるを得ません。（同種意見 10）,反対,市民団体,Webフォーム
112,値上げする場合でも、初年度は小幅にして段階的に移行する方法を検討してほしいです。（同種意見 10）,条件付き賛成,地域団体,説明会
113,子育てサークルは参加費を低く抑えているため、部屋代が上がると参加者負担に直結します。（同種意見 10）,反対,子育て団体,Webフォーム
114,地域の自主活動まで同じ料金体系にすると、住民同士の交流の場が減るのではないでしょうか。（同種意見 10）,反対,自治会,紙提出
115,高齢者の体操教室は健康づくりにもつながるので、減免の対象として残してほしいです。（同種意見 10）,条件付き賛成,高齢者団体,説明会
116,低所得の方も使える公共施設であるため、所得や活動目的に応じた配慮が必要です。（同種意見 10）,条件付き賛成,支援団体,Webフォーム
117,なぜこの金額になるのか、算定式や維持管理費の内訳が資料からは分かりません。（同種意見 10）,説明不足,一般利用者,Webフォーム
118,近隣自治体との比較だけでなく、施設の稼働率や利用目的ごとの影響も示してほしいです。（同種意見 10）,説明不足,市民団体,紙提出
119,意見募集期間が短く、利用団体内で十分に話し合う時間がありませんでした。（同種意見 10）,手続き懸念,地域団体,説明会
120,現行案だけでなく、段階導入案や時間帯別料金案など複数案を比較できると判断しやすいです。（同種意見 10）,代替案提案,一般利用者,Webフォーム
121,施設の老朽化が進んでいるので、維持管理費の一部を利用者が負担する考え方自体は理解できます。（同種意見 11）,条件付き賛成,一般利用者,Webフォーム
122,無料に近い料金のままでは将来の修繕費が不足すると思うので、根拠を示した上で見直すべきです。（同種意見 11）,賛成,一般利用者,紙提出
123,一度に倍近く上がると、定期利用している団体は活動回数を減らさざるを得ません。（同種意見 11）,反対,市民団体,Webフォーム
124,値上げする場合でも、初年度は小幅にして段階的に移行する方法を検討してほしいです。（同種意見 11）,条件付き賛成,地域団体,説明会
125,子育てサークルは参加費を低く抑えているため、部屋代が上がると参加者負担に直結します。（同種意見 11）,反対,子育て団体,Webフォーム
126,地域の自主活動まで同じ料金体系にすると、住民同士の交流の場が減るのではないでしょうか。（同種意見 11）,反対,自治会,紙提出
127,高齢者の体操教室は健康づくりにもつながるので、減免の対象として残してほしいです。（同種意見 11）,条件付き賛成,高齢者団体,説明会
128,低所得の方も使える公共施設であるため、所得や活動目的に応じた配慮が必要です。（同種意見 11）,条件付き賛成,支援団体,Webフォーム
129,なぜこの金額になるのか、算定式や維持管理費の内訳が資料からは分かりません。（同種意見 11）,説明不足,一般利用者,Webフォーム
130,近隣自治体との比較だけでなく、施設の稼働率や利用目的ごとの影響も示してほしいです。（同種意見 11）,説明不足,市民団体,紙提出
131,意見募集期間が短く、利用団体内で十分に話し合う時間がありませんでした。（同種意見 11）,手続き懸念,地域団体,説明会
132,現行案だけでなく、段階導入案や時間帯別料金案など複数案を比較できると判断しやすいです。（同種意見 11）,代替案提案,一般利用者,Webフォーム
133,施設の老朽化が進んでいるので、維持管理費の一部を利用者が負担する考え方自体は理解できます。（同種意見 12）,条件付き賛成,一般利用者,Webフォーム
134,無料に近い料金のままでは将来の修繕費が不足すると思うので、根拠を示した上で見直すべきです。（同種意見 12）,賛成,一般利用者,紙提出
135,一度に倍近く上がると、定期利用している団体は活動回数を減らさざるを得ません。（同種意見 12）,反対,市民団体,Webフォーム
136,値上げする場合でも、初年度は小幅にして段階的に移行する方法を検討してほしいです。（同種意見 12）,条件付き賛成,地域団体,説明会
137,子育てサークルは参加費を低く抑えているため、部屋代が上がると参加者負担に直結します。（同種意見 12）,反対,子育て団体,Webフォーム
138,地域の自主活動まで同じ料金体系にすると、住民同士の交流の場が減るのではないでしょうか。（同種意見 12）,反対,自治会,紙提出
139,高齢者の体操教室は健康づくりにもつながるので、減免の対象として残してほしいです。（同種意見 12）,条件付き賛成,高齢者団体,説明会
140,低所得の方も使える公共施設であるため、所得や活動目的に応じた配慮が必要です。（同種意見 12）,条件付き賛成,支援団体,Webフォーム
141,なぜこの金額になるのか、算定式や維持管理費の内訳が資料からは分かりません。（同種意見 12）,説明不足,一般利用者,Webフォーム
142,近隣自治体との比較だけでなく、施設の稼働率や利用目的ごとの影響も示してほしいです。（同種意見 12）,説明不足,市民団体,紙提出
143,意見募集期間が短く、利用団体内で十分に話し合う時間がありませんでした。（同種意見 12）,手続き懸念,地域団体,説明会
144,現行案だけでなく、段階導入案や時間帯別料金案など複数案を比較できると判断しやすいです。（同種意見 12）,代替案提案,一般利用者,Webフォーム
145,施設の老朽化が進んでいるので、維持管理費の一部を利用者が負担する考え方自体は理解できます。（同種意見 13）,条件付き賛成,一般利用者,Webフォーム
146,無料に近い料金のままでは将来の修繕費が不足すると思うので、根拠を示した上で見直すべきです。（同種意見 13）,賛成,一般利用者,紙提出
147,一度に倍近く上がると、定期利用している団体は活動回数を減らさざるを得ません。（同種意見 13）,反対,市民団体,Webフォーム
148,値上げする場合でも、初年度は小幅にして段階的に移行する方法を検討してほしいです。（同種意見 13）,条件付き賛成,地域団体,説明会
149,子育てサークルは参加費を低く抑えているため、部屋代が上がると参加者負担に直結します。（同種意見 13）,反対,子育て団体,Webフォーム
150,地域の自主活動まで同じ料金体系にすると、住民同士の交流の場が減るのではないでしょうか。（同種意見 13）,反対,自治会,紙提出
151,高齢者の体操教室は健康づくりにもつながるので、減免の対象として残してほしいです。（同種意見 13）,条件付き賛成,高齢者団体,説明会
152,低所得の方も使える公共施設であるため、所得や活動目的に応じた配慮が必要です。（同種意見 13）,条件付き賛成,支援団体,Webフォーム
153,なぜこの金額になるのか、算定式や維持管理費の内訳が資料からは分かりません。（同種意見 13）,説明不足,一般利用者,Webフォーム
154,近隣自治体との比較だけでなく、施設の稼働率や利用目的ごとの影響も示してほしいです。（同種意見 13）,説明不足,市民団体,紙提出
155,意見募集期間が短く、利用団体内で十分に話し合う時間がありませんでした。（同種意見 13）,手続き懸念,地域団体,説明会
156,現行案だけでなく、段階導入案や時間帯別料金案など複数案を比較できると判断しやすいです。（同種意見 13）,代替案提案,一般利用者,Webフォーム
157,施設の老朽化が進んでいるので、維持管理費の一部を利用者が負担する考え方自体は理解できます。（同種意見 14）,条件付き賛成,一般利用者,Webフォーム
158,無料に近い料金のままでは将来の修繕費が不足すると思うので、根拠を示した上で見直すべきです。（同種意見 14）,賛成,一般利用者,紙提出
159,一度に倍近く上がると、定期利用している団体は活動回数を減らさざるを得ません。（同種意見 14）,反対,市民団体,Webフォーム
160,値上げする場合でも、初年度は小幅にして段階的に移行する方法を検討してほしいです。（同種意見 14）,条件付き賛成,地域団体,説明会
161,子育てサークルは参加費を低く抑えているため、部屋代が上がると参加者負担に直結します。（同種意見 14）,反対,子育て団体,Webフォーム
162,地域の自主活動まで同じ料金体系にすると、住民同士の交流の場が減るのではないでしょうか。（同種意見 14）,反対,自治会,紙提出
163,高齢者の体操教室は健康づくりにもつながるので、減免の対象として残してほしいです。（同種意見 14）,条件付き賛成,高齢者団体,説明会
164,低所得の方も使える公共施設であるため、所得や活動目的に応じた配慮が必要です。（同種意見 14）,条件付き賛成,支援団体,Webフォーム
165,なぜこの金額になるのか、算定式や維持管理費の内訳が資料からは分かりません。（同種意見 14）,説明不足,一般利用者,Webフォーム
166,近隣自治体との比較だけでなく、施設の稼働率や利用目的ごとの影響も示してほしいです。（同種意見 14）,説明不足,市民団体,紙提出
167,意見募集期間が短く、利用団体内で十分に話し合う時間がありませんでした。（同種意見 14）,手続き懸念,地域団体,説明会
168,現行案だけでなく、段階導入案や時間帯別料金案など複数案を比較できると判断しやすいです。（同種意見 14）,代替案提案,一般利用者,Webフォーム
169,施設の老朽化が進んでいるので、維持管理費の一部を利用者が負担する考え方自体は理解できます。（同種意見 15）,条件付き賛成,一般利用者,Webフォーム
170,無料に近い料金のままでは将来の修繕費が不足すると思うので、根拠を示した上で見直すべきです。（同種意見 15）,賛成,一般利用者,紙提出
171,一度に倍近く上がると、定期利用している団体は活動回数を減らさざるを得ません。（同種意見 15）,反対,市民団体,Webフォーム
172,値上げする場合でも、初年度は小幅にして段階的に移行する方法を検討してほしいです。（同種意見 15）,条件付き賛成,地域団体,説明会
173,子育てサークルは参加費を低く抑えているため、部屋代が上がると参加者負担に直結します。（同種意見 15）,反対,子育て団体,Webフォーム
174,地域の自主活動まで同じ料金体系にすると、住民同士の交流の場が減るのではないでしょうか。（同種意見 15）,反対,自治会,紙提出
175,高齢者の体操教室は健康づくりにもつながるので、減免の対象として残してほしいです。（同種意見 15）,条件付き賛成,高齢者団体,説明会
176,低所得の方も使える公共施設であるため、所得や活動目的に応じた配慮が必要です。（同種意見 15）,条件付き賛成,支援団体,Webフォーム
177,なぜこの金額になるのか、算定式や維持管理費の内訳が資料からは分かりません。（同種意見 15）,説明不足,一般利用者,Webフォーム
178,近隣自治体との比較だけでなく、施設の稼働率や利用目的ごとの影響も示してほしいです。（同種意見 15）,説明不足,市民団体,紙提出
179,意見募集期間が短く、利用団体内で十分に話し合う時間がありませんでした。（同種意見 15）,手続き懸念,地域団体,説明会
180,現行案だけでなく、段階導入案や時間帯別料金案など複数案を比較できると判断しやすいです。（同種意見 15）,代替案提案,一般利用者,Webフォーム
181,施設の老朽化が進んでいるので、維持管理費の一部を利用者が負担する考え方自体は理解できます。（同種意見 16）,条件付き賛成,一般利用者,Webフォーム
182,無料に近い料金のままでは将来の修繕費が不足すると思うので、根拠を示した上で見直すべきです。（同種意見 16）,賛成,一般利用者,紙提出
183,一度に倍近く上がると、定期利用している団体は活動回数を減らさざるを得ません。（同種意見 16）,反対,市民団体,Webフォーム
184,値上げする場合でも、初年度は小幅にして段階的に移行する方法を検討してほしいです。（同種意見 16）,条件付き賛成,地域団体,説明会
185,子育てサークルは参加費を低く抑えているため、部屋代が上がると参加者負担に直結します。（同種意見 16）,反対,子育て団体,Webフォーム
186,地域の自主活動まで同じ料金体系にすると、住民同士の交流の場が減るのではないでしょうか。（同種意見 16）,反対,自治会,紙提出
187,高齢者の体操教室は健康づくりにもつながるので、減免の対象として残してほしいです。（同種意見 16）,条件付き賛成,高齢者団体,説明会
188,低所得の方も使える公共施設であるため、所得や活動目的に応じた配慮が必要です。（同種意見 16）,条件付き賛成,支援団体,Webフォーム
189,なぜこの金額になるのか、算定式や維持管理費の内訳が資料からは分かりません。（同種意見 16）,説明不足,一般利用者,Webフォーム
190,近隣自治体との比較だけでなく、施設の稼働率や利用目的ごとの影響も示してほしいです。（同種意見 16）,説明不足,市民団体,紙提出
191,意見募集期間が短く、利用団体内で十分に話し合う時間がありませんでした。（同種意見 16）,手続き懸念,地域団体,説明会
192,現行案だけでなく、段階導入案や時間帯別料金案など複数案を比較できると判断しやすいです。（同種意見 16）,代替案提案,一般利用者,Webフォーム
193,施設の老朽化が進んでいるので、維持管理費の一部を利用者が負担する考え方自体は理解できます。（同種意見 17）,条件付き賛成,一般利用者,Webフォーム
194,無料に近い料金のままでは将来の修繕費が不足すると思うので、根拠を示した上で見直すべきです。（同種意見 17）,賛成,一般利用者,紙提出
195,一度に倍近く上がると、定期利用している団体は活動回数を減らさざるを得ません。（同種意見 17）,反対,市民団体,Webフォーム
196,値上げする場合でも、初年度は小幅にして段階的に移行する方法を検討してほしいです。（同種意見 17）,条件付き賛成,地域団体,説明会
197,子育てサークルは参加費を低く抑えているため、部屋代が上がると参加者負担に直結します。（同種意見 17）,反対,子育て団体,Webフォーム
198,地域の自主活動まで同じ料金体系にすると、住民同士の交流の場が減るのではないでしょうか。（同種意見 17）,反対,自治会,紙提出
199,高齢者の体操教室は健康づくりにもつながるので、減免の対象として残してほしいです。（同種意見 17）,条件付き賛成,高齢者団体,説明会
200,低所得の方も使える公共施設であるため、所得や活動目的に応じた配慮が必要です。（同種意見 17）,条件付き賛成,支援団体,Webフォーム
201,なぜこの金額になるのか、算定式や維持管理費の内訳が資料からは分かりません。（同種意見 17）,説明不足,一般利用者,Webフォーム
202,近隣自治体との比較だけでなく、施設の稼働率や利用目的ごとの影響も示してほしいです。（同種意見 17）,説明不足,市民団体,紙提出
203,意見募集期間が短く、利用団体内で十分に話し合う時間がありませんでした。（同種意見 17）,手続き懸念,地域団体,説明会
204,現行案だけでなく、段階導入案や時間帯別料金案など複数案を比較できると判断しやすいです。（同種意見 17）,代替案提案,一般利用者,Webフォーム
205,施設の老朽化が進んでいるので、維持管理費の一部を利用者が負担する考え方自体は理解できます。（同種意見 18）,条件付き賛成,一般利用者,Webフォーム
206,無料に近い料金のままでは将来の修繕費が不足すると思うので、根拠を示した上で見直すべきです。（同種意見 18）,賛成,一般利用者,紙提出
207,一度に倍近く上がると、定期利用している団体は活動回数を減らさざるを得ません。（同種意見 18）,反対,市民団体,Webフォーム
208,値上げする場合でも、初年度は小幅にして段階的に移行する方法を検討してほしいです。（同種意見 18）,条件付き賛成,地域団体,説明会
209,子育てサークルは参加費を低く抑えているため、部屋代が上がると参加者負担に直結します。（同種意見 18）,反対,子育て団体,Webフォーム
210,地域の自主活動まで同じ料金体系にすると、住民同士の交流の場が減るのではないでしょうか。（同種意見 18）,反対,自治会,紙提出
211,高齢者の体操教室は健康づくりにもつながるので、減免の対象として残してほしいです。（同種意見 18）,条件付き賛成,高齢者団体,説明会
212,低所得の方も使える公共施設であるため、所得や活動目的に応じた配慮が必要です。（同種意見 18）,条件付き賛成,支援団体,Webフォーム
213,なぜこの金額になるのか、算定式や維持管理費の内訳が資料からは分かりません。（同種意見 18）,説明不足,一般利用者,Webフォーム
214,近隣自治体との比較だけでなく、施設の稼働率や利用目的ごとの影響も示してほしいです。（同種意見 18）,説明不足,市民団体,紙提出
215,意見募集期間が短く、利用団体内で十分に話し合う時間がありませんでした。（同種意見 18）,手続き懸念,地域団体,説明会
216,現行案だけでなく、段階導入案や時間帯別料金案など複数案を比較できると判断しやすいです。（同種意見 18）,代替案提案,一般利用者,Webフォーム
217,施設の老朽化が進んでいるので、維持管理費の一部を利用者が負担する考え方自体は理解できます。（同種意見 19）,条件付き賛成,一般利用者,Webフォーム
218,無料に近い料金のままでは将来の修繕費が不足すると思うので、根拠を示した上で見直すべきです。（同種意見 19）,賛成,一般利用者,紙提出
219,一度に倍近く上がると、定期利用している団体は活動回数を減らさざるを得ません。（同種意見 19）,反対,市民団体,Webフォーム
220,値上げする場合でも、初年度は小幅にして段階的に移行する方法を検討してほしいです。（同種意見 19）,条件付き賛成,地域団体,説明会
221,子育てサークルは参加費を低く抑えているため、部屋代が上がると参加者負担に直結します。（同種意見 19）,反対,子育て団体,Webフォーム
222,地域の自主活動まで同じ料金体系にすると、住民同士の交流の場が減るのではないでしょうか。（同種意見 19）,反対,自治会,紙提出
223,高齢者の体操教室は健康づくりにもつながるので、減免の対象として残してほしいです。（同種意見 19）,条件付き賛成,高齢者団体,説明会
224,低所得の方も使える公共施設であるため、所得や活動目的に応じた配慮が必要です。（同種意見 19）,条件付き賛成,支援団体,Webフォーム
225,なぜこの金額になるのか、算定式や維持管理費の内訳が資料からは分かりません。（同種意見 19）,説明不足,一般利用者,Webフォーム
226,近隣自治体との比較だけでなく、施設の稼働率や利用目的ごとの影響も示してほしいです。（同種意見 19）,説明不足,市民団体,紙提出
227,意見募集期間が短く、利用団体内で十分に話し合う時間がありませんでした。（同種意見 19）,手続き懸念,地域団体,説明会
228,現行案だけでなく、段階導入案や時間帯別料金案など複数案を比較できると判断しやすいです。（同種意見 19）,代替案提案,一般利用者,Webフォーム
229,施設の老朽化が進んでいるので、維持管理費の一部を利用者が負担する考え方自体は理解できます。（同種意見 20）,条件付き賛成,一般利用者,Webフォーム
230,無料に近い料金のままでは将来の修繕費が不足すると思うので、根拠を示した上で見直すべきです。（同種意見 20）,賛成,一般利用者,紙提出
231,一度に倍近く上がると、定期利用している団体は活動回数を減らさざるを得ません。（同種意見 20）,反対,市民団体,Webフォーム
232,値上げする場合でも、初年度は小幅にして段階的に移行する方法を検討してほしいです。（同種意見 20）,条件付き賛成,地域団体,説明会
233,子育てサークルは参加費を低く抑えているため、部屋代が上がると参加者負担に直結します。（同種意見 20）,反対,子育て団体,Webフォーム
234,地域の自主活動まで同じ料金体系にすると、住民同士の交流の場が減るのではないでしょうか。（同種意見 20）,反対,自治会,紙提出
235,高齢者の体操教室は健康づくりにもつながるので、減免の対象として残してほしいです。（同種意見 20）,条件付き賛成,高齢者団体,説明会
236,低所得の方も使える公共施設であるため、所得や活動目的に応じた配慮が必要です。（同種意見 20）,条件付き賛成,支援団体,Webフォーム
237,なぜこの金額になるのか、算定式や維持管理費の内訳が資料からは分かりません。（同種意見 20）,説明不足,一般利用者,Webフォーム
238,近隣自治体との比較だけでなく、施設の稼働率や利用目的ごとの影響も示してほしいです。（同種意見 20）,説明不足,市民団体,紙提出
239,意見募集期間が短く、利用団体内で十分に話し合う時間がありませんでした。（同種意見 20）,手続き懸念,地域団体,説明会
240,現行案だけでなく、段階導入案や時間帯別料金案など複数案を比較できると判断しやすいです。（同種意見 20）,代替案提案,一般利用者,Webフォーム
241,施設の老朽化が進んでいるので、維持管理費の一部を利用者が負担する考え方自体は理解できます。（同種意見 21）,条件付き賛成,一般利用者,Webフォーム
242,無料に近い料金のままでは将来の修繕費が不足すると思うので、根拠を示した上で見直すべきです。（同種意見 21）,賛成,一般利用者,紙提出
243,一度に倍近く上がると、定期利用している団体は活動回数を減らさざるを得ません。（同種意見 21）,反対,市民団体,Webフォーム
244,値上げする場合でも、初年度は小幅にして段階的に移行する方法を検討してほしいです。（同種意見 21）,条件付き賛成,地域団体,説明会
245,子育てサークルは参加費を低く抑えているため、部屋代が上がると参加者負担に直結します。（同種意見 21）,反対,子育て団体,Webフォーム
246,地域の自主活動まで同じ料金体系にすると、住民同士の交流の場が減るのではないでしょうか。（同種意見 21）,反対,自治会,紙提出
247,高齢者の体操教室は健康づくりにもつながるので、減免の対象として残してほしいです。（同種意見 21）,条件付き賛成,高齢者団体,説明会
248,低所得の方も使える公共施設であるため、所得や活動目的に応じた配慮が必要です。（同種意見 21）,条件付き賛成,支援団体,Webフォーム
249,なぜこの金額になるのか、算定式や維持管理費の内訳が資料からは分かりません。（同種意見 21）,説明不足,一般利用者,Webフォーム
250,近隣自治体との比較だけでなく、施設の稼働率や利用目的ごとの影響も示してほしいです。（同種意見 21）,説明不足,市民団体,紙提出
251,意見募集期間が短く、利用団体内で十分に話し合う時間がありませんでした。（同種意見 21）,手続き懸念,地域団体,説明会
252,現行案だけでなく、段階導入案や時間帯別料金案など複数案を比較できると判断しやすいです。（同種意見 21）,代替案提案,一般利用者,Webフォーム
253,施設の老朽化が進んでいるので、維持管理費の一部を利用者が負担する考え方自体は理解できます。（同種意見 22）,条件付き賛成,一般利用者,Webフォーム
254,無料に近い料金のままでは将来の修繕費が不足すると思うので、根拠を示した上で見直すべきです。（同種意見 22）,賛成,一般利用者,紙提出
255,一度に倍近く上がると、定期利用している団体は活動回数を減らさざるを得ません。（同種意見 22）,反対,市民団体,Webフォーム
256,値上げする場合でも、初年度は小幅にして段階的に移行する方法を検討してほしいです。（同種意見 22）,条件付き賛成,地域団体,説明会
257,子育てサークルは参加費を低く抑えているため、部屋代が上がると参加者負担に直結します。（同種意見 22）,反対,子育て団体,Webフォーム
258,地域の自主活動まで同じ料金体系にすると、住民同士の交流の場が減るのではないでしょうか。（同種意見 22）,反対,自治会,紙提出
259,高齢者の体操教室は健康づくりにもつながるので、減免の対象として残してほしいです。（同種意見 22）,条件付き賛成,高齢者団体,説明会
260,低所得の方も使える公共施設であるため、所得や活動目的に応じた配慮が必要です。（同種意見 22）,条件付き賛成,支援団体,Webフォーム
261,なぜこの金額になるのか、算定式や維持管理費の内訳が資料からは分かりません。（同種意見 22）,説明不足,一般利用者,Webフォーム
262,近隣自治体との比較だけでなく、施設の稼働率や利用目的ごとの影響も示してほしいです。（同種意見 22）,説明不足,市民団体,紙提出
263,意見募集期間が短く、利用団体内で十分に話し合う時間がありませんでした。（同種意見 22）,手続き懸念,地域団体,説明会
264,現行案だけでなく、段階導入案や時間帯別料金案など複数案を比較できると判断しやすいです。（同種意見 22）,代替案提案,一般利用者,Webフォーム
265,施設の老朽化が進んでいるので、維持管理費の一部を利用者が負担する考え方自体は理解できます。（同種意見 23）,条件付き賛成,一般利用者,Webフォーム
266,無料に近い料金のままでは将来の修繕費が不足すると思うので、根拠を示した上で見直すべきです。（同種意見 23）,賛成,一般利用者,紙提出
267,一度に倍近く上がると、定期利用している団体は活動回数を減らさざるを得ません。（同種意見 23）,反対,市民団体,Webフォーム
268,値上げする場合でも、初年度は小幅にして段階的に移行する方法を検討してほしいです。（同種意見 23）,条件付き賛成,地域団体,説明会
269,子育てサークルは参加費を低く抑えているため、部屋代が上がると参加者負担に直結します。（同種意見 23）,反対,子育て団体,Webフォーム
270,地域の自主活動まで同じ料金体系にすると、住民同士の交流の場が減るのではないでしょうか。（同種意見 23）,反対,自治会,紙提出
271,高齢者の体操教室は健康づくりにもつながるので、減免の対象として残してほしいです。（同種意見 23）,条件付き賛成,高齢者団体,説明会
272,低所得の方も使える公共施設であるため、所得や活動目的に応じた配慮が必要です。（同種意見 23）,条件付き賛成,支援団体,Webフォーム
273,なぜこの金額になるのか、算定式や維持管理費の内訳が資料からは分かりません。（同種意見 23）,説明不足,一般利用者,Webフォーム
274,近隣自治体との比較だけでなく、施設の稼働率や利用目的ごとの影響も示してほしいです。（同種意見 23）,説明不足,市民団体,紙提出
275,意見募集期間が短く、利用団体内で十分に話し合う時間がありませんでした。（同種意見 23）,手続き懸念,地域団体,説明会
276,現行案だけでなく、段階導入案や時間帯別料金案など複数案を比較できると判断しやすいです。（同種意見 23）,代替案提案,一般利用者,Webフォーム
277,施設の老朽化が進んでいるので、維持管理費の一部を利用者が負担する考え方自体は理解できます。（同種意見 24）,条件付き賛成,一般利用者,Webフォーム
278,無料に近い料金のままでは将来の修繕費が不足すると思うので、根拠を示した上で見直すべきです。（同種意見 24）,賛成,一般利用者,紙提出
279,一度に倍近く上がると、定期利用している団体は活動回数を減らさざるを得ません。（同種意見 24）,反対,市民団体,Webフォーム
280,値上げする場合でも、初年度は小幅にして段階的に移行する方法を検討してほしいです。（同種意見 24）,条件付き賛成,地域団体,説明会
281,子育てサークルは参加費を低く抑えているため、部屋代が上がると参加者負担に直結します。（同種意見 24）,反対,子育て団体,Webフォーム
282,地域の自主活動まで同じ料金体系にすると、住民同士の交流の場が減るのではないでしょうか。（同種意見 24）,反対,自治会,紙提出
283,高齢者の体操教室は健康づくりにもつながるので、減免の対象として残してほしいです。（同種意見 24）,条件付き賛成,高齢者団体,説明会
284,低所得の方も使える公共施設であるため、所得や活動目的に応じた配慮が必要です。（同種意見 24）,条件付き賛成,支援団体,Webフォーム
285,なぜこの金額になるのか、算定式や維持管理費の内訳が資料からは分かりません。（同種意見 24）,説明不足,一般利用者,Webフォーム
286,近隣自治体との比較だけでなく、施設の稼働率や利用目的ごとの影響も示してほしいです。（同種意見 24）,説明不足,市民団体,紙提出
287,意見募集期間が短く、利用団体内で十分に話し合う時間がありませんでした。（同種意見 24）,手続き懸念,地域団体,説明会
288,現行案だけでなく、段階導入案や時間帯別料金案など複数案を比較できると判断しやすいです。（同種意見 24）,代替案提案,一般利用者,Webフォーム
289,施設の老朽化が進んでいるので、維持管理費の一部を利用者が負担する考え方自体は理解できます。（同種意見 25）,条件付き賛成,一般利用者,Webフォーム
290,無料に近い料金のままでは将来の修繕費が不足すると思うので、根拠を示した上で見直すべきです。（同種意見 25）,賛成,一般利用者,紙提出
291,一度に倍近く上がると、定期利用している団体は活動回数を減らさざるを得ません。（同種意見 25）,反対,市民団体,Webフォーム
292,値上げする場合でも、初年度は小幅にして段階的に移行する方法を検討してほしいです。（同種意見 25）,条件付き賛成,地域団体,説明会
293,子育てサークルは参加費を低く抑えているため、部屋代が上がると参加者負担に直結します。（同種意見 25）,反対,子育て団体,Webフォーム
294,地域の自主活動まで同じ料金体系にすると、住民同士の交流の場が減るのではないでしょうか。（同種意見 25）,反対,自治会,紙提出
295,高齢者の体操教室は健康づくりにもつながるので、減免の対象として残してほしいです。（同種意見 25）,条件付き賛成,高齢者団体,説明会
296,低所得の方も使える公共施設であるため、所得や活動目的に応じた配慮が必要です。（同種意見 25）,条件付き賛成,支援団体,Webフォーム
297,なぜこの金額になるのか、算定式や維持管理費の内訳が資料からは分かりません。（同種意見 25）,説明不足,一般利用者,Webフォーム
298,近隣自治体との比較だけでなく、施設の稼働率や利用目的ごとの影響も示してほしいです。（同種意見 25）,説明不足,市民団体,紙提出
299,意見募集期間が短く、利用団体内で十分に話し合う時間がありませんでした。（同種意見 25）,手続き懸念,地域団体,説明会
300,現行案だけでなく、段階導入案や時間帯別料金案など複数案を比較できると判断しやすいです。（同種意見 25）,代替案提案,一般利用者,Webフォーム
301,施設の老朽化が進んでいるので、維持管理費の一部を利用者が負担する考え方自体は理解できます。（同種意見 26）,条件付き賛成,一般利用者,Webフォーム
302,無料に近い料金のままでは将来の修繕費が不足すると思うので、根拠を示した上で見直すべきです。（同種意見 26）,賛成,一般利用者,紙提出
303,一度に倍近く上がると、定期利用している団体は活動回数を減らさざるを得ません。（同種意見 26）,反対,市民団体,Webフォーム
304,値上げする場合でも、初年度は小幅にして段階的に移行する方法を検討してほしいです。（同種意見 26）,条件付き賛成,地域団体,説明会
305,子育てサークルは参加費を低く抑えているため、部屋代が上がると参加者負担に直結します。（同種意見 26）,反対,子育て団体,Webフォーム
306,地域の自主活動まで同じ料金体系にすると、住民同士の交流の場が減るのではないでしょうか。（同種意見 26）,反対,自治会,紙提出
307,高齢者の体操教室は健康づくりにもつながるので、減免の対象として残してほしいです。（同種意見 26）,条件付き賛成,高齢者団体,説明会
308,低所得の方も使える公共施設であるため、所得や活動目的に応じた配慮が必要です。（同種意見 26）,条件付き賛成,支援団体,Webフォーム
309,なぜこの金額になるのか、算定式や維持管理費の内訳が資料からは分かりません。（同種意見 26）,説明不足,一般利用者,Webフォーム
310,近隣自治体との比較だけでなく、施設の稼働率や利用目的ごとの影響も示してほしいです。（同種意見 26）,説明不足,市民団体,紙提出
311,意見募集期間が短く、利用団体内で十分に話し合う時間がありませんでした。（同種意見 26）,手続き懸念,地域団体,説明会
312,現行案だけでなく、段階導入案や時間帯別料金案など複数案を比較できると判断しやすいです。（同種意見 26）,代替案提案,一般利用者,Webフォーム
313,施設の老朽化が進んでいるので、維持管理費の一部を利用者が負担する考え方自体は理解できます。（同種意見 27）,条件付き賛成,一般利用者,Webフォーム
314,無料に近い料金のままでは将来の修繕費が不足すると思うので、根拠を示した上で見直すべきです。（同種意見 27）,賛成,一般利用者,紙提出
315,一度に倍近く上がると、定期利用している団体は活動回数を減らさざるを得ません。（同種意見 27）,反対,市民団体,Webフォーム
316,値上げする場合でも、初年度は小幅にして段階的に移行する方法を検討してほしいです。（同種意見 27）,条件付き賛成,地域団体,説明会
317,子育てサークルは参加費を低く抑えているため、部屋代が上がると参加者負担に直結します。（同種意見 27）,反対,子育て団体,Webフォーム
318,地域の自主活動まで同じ料金体系にすると、住民同士の交流の場が減るのではないでしょうか。（同種意見 27）,反対,自治会,紙提出
319,高齢者の体操教室は健康づくりにもつながるので、減免の対象として残してほしいです。（同種意見 27）,条件付き賛成,高齢者団体,説明会
320,低所得の方も使える公共施設であるため、所得や活動目的に応じた配慮が必要です。（同種意見 27）,条件付き賛成,支援団体,Webフォーム
321,なぜこの金額になるのか、算定式や維持管理費の内訳が資料からは分かりません。（同種意見 27）,説明不足,一般利用者,Webフォーム
322,近隣自治体との比較だけでなく、施設の稼働率や利用目的ごとの影響も示してほしいです。（同種意見 27）,説明不足,市民団体,紙提出
323,意見募集期間が短く、利用団体内で十分に話し合う時間がありませんでした。（同種意見 27）,手続き懸念,地域団体,説明会
324,現行案だけでなく、段階導入案や時間帯別料金案など複数案を比較できると判断しやすいです。（同種意見 27）,代替案提案,一般利用者,Webフォーム
325,施設の老朽化が進んでいるので、維持管理費の一部を利用者が負担する考え方自体は理解できます。（同種意見 28）,条件付き賛成,一般利用者,Webフォーム
326,無料に近い料金のままでは将来の修繕費が不足すると思うので、根拠を示した上で見直すべきです。（同種意見 28）,賛成,一般利用者,紙提出
327,一度に倍近く上がると、定期利用している団体は活動回数を減らさざるを得ません。（同種意見 28）,反対,市民団体,Webフォーム
328,値上げする場合でも、初年度は小幅にして段階的に移行する方法を検討してほしいです。（同種意見 28）,条件付き賛成,地域団体,説明会
329,子育てサークルは参加費を低く抑えているため、部屋代が上がると参加者負担に直結します。（同種意見 28）,反対,子育て団体,Webフォーム
330,地域の自主活動まで同じ料金体系にすると、住民同士の交流の場が減るのではないでしょうか。（同種意見 28）,反対,自治会,紙提出
331,高齢者の体操教室は健康づくりにもつながるので、減免の対象として残してほしいです。（同種意見 28）,条件付き賛成,高齢者団体,説明会
332,低所得の方も使える公共施設であるため、所得や活動目的に応じた配慮が必要です。（同種意見 28）,条件付き賛成,支援団体,Webフォーム
333,なぜこの金額になるのか、算定式や維持管理費の内訳が資料からは分かりません。（同種意見 28）,説明不足,一般利用者,Webフォーム
334,近隣自治体との比較だけでなく、施設の稼働率や利用目的ごとの影響も示してほしいです。（同種意見 28）,説明不足,市民団体,紙提出
335,意見募集期間が短く、利用団体内で十分に話し合う時間がありませんでした。（同種意見 28）,手続き懸念,地域団体,説明会
336,現行案だけでなく、段階導入案や時間帯別料金案など複数案を比較できると判断しやすいです。（同種意見 28）,代替案提案,一般利用者,Webフォーム
337,施設の老朽化が進んでいるので、維持管理費の一部を利用者が負担する考え方自体は理解できます。（同種意見 29）,条件付き賛成,一般利用者,Webフォーム
338,無料に近い料金のままでは将来の修繕費が不足すると思うので、根拠を示した上で見直すべきです。（同種意見 29）,賛成,一般利用者,紙提出
339,一度に倍近く上がると、定期利用している団体は活動回数を減らさざるを得ません。（同種意見 29）,反対,市民団体,Webフォーム
340,値上げする場合でも、初年度は小幅にして段階的に移行する方法を検討してほしいです。（同種意見 29）,条件付き賛成,地域団体,説明会
341,子育てサークルは参加費を低く抑えているため、部屋代が上がると参加者負担に直結します。（同種意見 29）,反対,子育て団体,Webフォーム
342,地域の自主活動まで同じ料金体系にすると、住民同士の交流の場が減るのではないでしょうか。（同種意見 29）,反対,自治会,紙提出
343,高齢者の体操教室は健康づくりにもつながるので、減免の対象として残してほしいです。（同種意見 29）,条件付き賛成,高齢者団体,説明会
344,低所得の方も使える公共施設であるため、所得や活動目的に応じた配慮が必要です。（同種意見 29）,条件付き賛成,支援団体,Webフォーム
345,なぜこの金額になるのか、算定式や維持管理費の内訳が資料からは分かりません。（同種意見 29）,説明不足,一般利用者,Webフォーム
346,近隣自治体との比較だけでなく、施設の稼働率や利用目的ごとの影響も示してほしいです。（同種意見 29）,説明不足,市民団体,紙提出
347,意見募集期間が短く、利用団体内で十分に話し合う時間がありませんでした。（同種意見 29）,手続き懸念,地域団体,説明会
348,現行案だけでなく、段階導入案や時間帯別料金案など複数案を比較できると判断しやすいです。（同種意見 29）,代替案提案,一般利用者,Webフォーム
349,施設の老朽化が進んでいるので、維持管理費の一部を利用者が負担する考え方自体は理解できます。（同種意見 30）,条件付き賛成,一般利用者,Webフォーム
350,無料に近い料金のままでは将来の修繕費が不足すると思うので、根拠を示した上で見直すべきです。（同種意見 30）,賛成,一般利用者,紙提出
351,一度に倍近く上がると、定期利用している団体は活動回数を減らさざるを得ません。（同種意見 30）,反対,市民団体,Webフォーム
352,値上げする場合でも、初年度は小幅にして段階的に移行する方法を検討してほしいです。（同種意見 30）,条件付き賛成,地域団体,説明会
353,子育てサークルは参加費を低く抑えているため、部屋代が上がると参加者負担に直結します。（同種意見 30）,反対,子育て団体,Webフォーム
354,地域の自主活動まで同じ料金体系にすると、住民同士の交流の場が減るのではないでしょうか。（同種意見 30）,反対,自治会,紙提出
355,高齢者の体操教室は健康づくりにもつながるので、減免の対象として残してほしいです。（同種意見 30）,条件付き賛成,高齢者団体,説明会
356,低所得の方も使える公共施設であるため、所得や活動目的に応じた配慮が必要です。（同種意見 30）,条件付き賛成,支援団体,Webフォーム
357,なぜこの金額になるのか、算定式や維持管理費の内訳が資料からは分かりません。（同種意見 30）,説明不足,一般利用者,Webフォーム
358,近隣自治体との比較だけでなく、施設の稼働率や利用目的ごとの影響も示してほしいです。（同種意見 30）,説明不足,市民団体,紙提出
359,意見募集期間が短く、利用団体内で十分に話し合う時間がありませんでした。（同種意見 30）,手続き懸念,地域団体,説明会
360,現行案だけでなく、段階導入案や時間帯別料金案など複数案を比較できると判断しやすいです。（同種意見 30）,代替案提案,一般利用者,Webフォーム
361,施設の老朽化が進んでいるので、維持管理費の一部を利用者が負担する考え方自体は理解できます。（同種意見 31）,条件付き賛成,一般利用者,Webフォーム
362,無料に近い料金のままでは将来の修繕費が不足すると思うので、根拠を示した上で見直すべきです。（同種意見 31）,賛成,一般利用者,紙提出
363,一度に倍近く上がると、定期利用している団体は活動回数を減らさざるを得ません。（同種意見 31）,反対,市民団体,Webフォーム
364,値上げする場合でも、初年度は小幅にして段階的に移行する方法を検討してほしいです。（同種意見 31）,条件付き賛成,地域団体,説明会
365,子育てサークルは参加費を低く抑えているため、部屋代が上がると参加者負担に直結します。（同種意見 31）,反対,子育て団体,Webフォーム
366,地域の自主活動まで同じ料金体系にすると、住民同士の交流の場が減るのではないでしょうか。（同種意見 31）,反対,自治会,紙提出
367,高齢者の体操教室は健康づくりにもつながるので、減免の対象として残してほしいです。（同種意見 31）,条件付き賛成,高齢者団体,説明会
368,低所得の方も使える公共施設であるため、所得や活動目的に応じた配慮が必要です。（同種意見 31）,条件付き賛成,支援団体,Webフォーム
369,なぜこの金額になるのか、算定式や維持管理費の内訳が資料からは分かりません。（同種意見 31）,説明不足,一般利用者,Webフォーム
370,近隣自治体との比較だけでなく、施設の稼働率や利用目的ごとの影響も示してほしいです。（同種意見 31）,説明不足,市民団体,紙提出
371,意見募集期間が短く、利用団体内で十分に話し合う時間がありませんでした。（同種意見 31）,手続き懸念,地域団体,説明会
372,現行案だけでなく、段階導入案や時間帯別料金案など複数案を比較できると判断しやすいです。（同種意見 31）,代替案提案,一般利用者,Webフォーム
373,施設の老朽化が進んでいるので、維持管理費の一部を利用者が負担する考え方自体は理解できます。（同種意見 32）,条件付き賛成,一般利用者,Webフォーム
374,無料に近い料金のままでは将来の修繕費が不足すると思うので、根拠を示した上で見直すべきです。（同種意見 32）,賛成,一般利用者,紙提出
375,一度に倍近く上がると、定期利用している団体は活動回数を減らさざるを得ません。（同種意見 32）,反対,市民団体,Webフォーム
376,値上げする場合でも、初年度は小幅にして段階的に移行する方法を検討してほしいです。（同種意見 32）,条件付き賛成,地域団体,説明会
377,子育てサークルは参加費を低く抑えているため、部屋代が上がると参加者負担に直結します。（同種意見 32）,反対,子育て団体,Webフォーム
378,地域の自主活動まで同じ料金体系にすると、住民同士の交流の場が減るのではないでしょうか。（同種意見 32）,反対,自治会,紙提出
379,高齢者の体操教室は健康づくりにもつながるので、減免の対象として残してほしいです。（同種意見 32）,条件付き賛成,高齢者団体,説明会
380,低所得の方も使える公共施設であるため、所得や活動目的に応じた配慮が必要です。（同種意見 32）,条件付き賛成,支援団体,Webフォーム
381,なぜこの金額になるのか、算定式や維持管理費の内訳が資料からは分かりません。（同種意見 32）,説明不足,一般利用者,Webフォーム
382,近隣自治体との比較だけでなく、施設の稼働率や利用目的ごとの影響も示してほしいです。（同種意見 32）,説明不足,市民団体,紙提出
383,意見募集期間が短く、利用団体内で十分に話し合う時間がありませんでした。（同種意見 32）,手続き懸念,地域団体,説明会
384,現行案だけでなく、段階導入案や時間帯別料金案など複数案を比較できると判断しやすいです。（同種意見 32）,代替案提案,一般利用者,Webフォーム
385,施設の老朽化が進んでいるので、維持管理費の一部を利用者が負担する考え方自体は理解できます。（同種意見 33）,条件付き賛成,一般利用者,Webフォーム
386,無料に近い料金のままでは将来の修繕費が不足すると思うので、根拠を示した上で見直すべきです。（同種意見 33）,賛成,一般利用者,紙提出
387,一度に倍近く上がると、定期利用している団体は活動回数を減らさざるを得ません。（同種意見 33）,反対,市民団体,Webフォーム
388,値上げする場合でも、初年度は小幅にして段階的に移行する方法を検討してほしいです。（同種意見 33）,条件付き賛成,地域団体,説明会
389,子育てサークルは参加費を低く抑えているため、部屋代が上がると参加者負担に直結します。（同種意見 33）,反対,子育て団体,Webフォーム
390,地域の自主活動まで同じ料金体系にすると、住民同士の交流の場が減るのではないでしょうか。（同種意見 33）,反対,自治会,紙提出
391,高齢者の体操教室は健康づくりにもつながるので、減免の対象として残してほしいです。（同種意見 33）,条件付き賛成,高齢者団体,説明会
392,低所得の方も使える公共施設であるため、所得や活動目的に応じた配慮が必要です。（同種意見 33）,条件付き賛成,支援団体,Webフォーム
393,なぜこの金額になるのか、算定式や維持管理費の内訳が資料からは分かりません。（同種意見 33）,説明不足,一般利用者,Webフォーム
394,近隣自治体との比較だけでなく、施設の稼働率や利用目的ごとの影響も示してほしいです。（同種意見 33）,説明不足,市民団体,紙提出
395,意見募集期間が短く、利用団体内で十分に話し合う時間がありませんでした。（同種意見 33）,手続き懸念,地域団体,説明会
396,現行案だけでなく、段階導入案や時間帯別料金案など複数案を比較できると判断しやすいです。（同種意見 33）,代替案提案,一般利用者,Webフォーム
397,施設の老朽化が進んでいるので、維持管理費の一部を利用者が負担する考え方自体は理解できます。（同種意見 34）,条件付き賛成,一般利用者,Webフォーム
398,無料に近い料金のままでは将来の修繕費が不足すると思うので、根拠を示した上で見直すべきです。（同種意見 34）,賛成,一般利用者,紙提出
399,一度に倍近く上がると、定期利用している団体は活動回数を減らさざるを得ません。（同種意見 34）,反対,市民団体,Webフォーム
400,値上げする場合でも、初年度は小幅にして段階的に移行する方法を検討してほしいです。（同種意見 34）,条件付き賛成,地域団体,説明会
401,子育てサークルは参加費を低く抑えているため、部屋代が上がると参加者負担に直結します。（同種意見 34）,反対,子育て団体,Webフォーム
402,地域の自主活動まで同じ料金体系にすると、住民同士の交流の場が減るのではないでしょうか。（同種意見 34）,反対,自治会,紙提出
403,高齢者の体操教室は健康づくりにもつながるので、減免の対象として残してほしいです。（同種意見 34）,条件付き賛成,高齢者団体,説明会
404,低所得の方も使える公共施設であるため、所得や活動目的に応じた配慮が必要です。（同種意見 34）,条件付き賛成,支援団体,Webフォーム
405,なぜこの金額になるのか、算定式や維持管理費の内訳が資料からは分かりません。（同種意見 34）,説明不足,一般利用者,Webフォーム
406,近隣自治体との比較だけでなく、施設の稼働率や利用目的ごとの影響も示してほしいです。（同種意見 34）,説明不足,市民団体,紙提出
407,意見募集期間が短く、利用団体内で十分に話し合う時間がありませんでした。（同種意見 34）,手続き懸念,地域団体,説明会
408,現行案だけでなく、段階導入案や時間帯別料金案など複数案を比較できると判断しやすいです。（同種意見 34）,代替案提案,一般利用者,Webフォーム
409,施設の老朽化が進んでいるので、維持管理費の一部を利用者が負担する考え方自体は理解できます。（同種意見 35）,条件付き賛成,一般利用者,Webフォーム
410,無料に近い料金のままでは将来の修繕費が不足すると思うので、根拠を示した上で見直すべきです。（同種意見 35）,賛成,一般利用者,紙提出
411,一度に倍近く上がると、定期利用している団体は活動回数を減らさざるを得ません。（同種意見 35）,反対,市民団体,Webフォーム
412,値上げする場合でも、初年度は小幅にして段階的に移行する方法を検討してほしいです。（同種意見 35）,条件付き賛成,地域団体,説明会
413,子育てサークルは参加費を低く抑えているため、部屋代が上がると参加者負担に直結します。（同種意見 35）,反対,子育て団体,Webフォーム
414,地域の自主活動まで同じ料金体系にすると、住民同士の交流の場が減るのではないでしょうか。（同種意見 35）,反対,自治会,紙提出
415,高齢者の体操教室は健康づくりにもつながるので、減免の対象として残してほしいです。（同種意見 35）,条件付き賛成,高齢者団体,説明会
416,低所得の方も使える公共施設であるため、所得や活動目的に応じた配慮が必要です。（同種意見 35）,条件付き賛成,支援団体,Webフォーム
417,なぜこの金額になるのか、算定式や維持管理費の内訳が資料からは分かりません。（同種意見 35）,説明不足,一般利用者,Webフォーム
418,近隣自治体との比較だけでなく、施設の稼働率や利用目的ごとの影響も示してほしいです。（同種意見 35）,説明不足,市民団体,紙提出
419,意見募集期間が短く、利用団体内で十分に話し合う時間がありませんでした。（同種意見 35）,手続き懸念,地域団体,説明会
420,現行案だけでなく、段階導入案や時間帯別料金案など複数案を比較できると判断しやすいです。（同種意見 35）,代替案提案,一般利用者,Webフォーム
421,施設の老朽化が進んでいるので、維持管理費の一部を利用者が負担する考え方自体は理解できます。（同種意見 36）,条件付き賛成,一般利用者,Webフォーム
422,無料に近い料金のままでは将来の修繕費が不足すると思うので、根拠を示した上で見直すべきです。（同種意見 36）,賛成,一般利用者,紙提出
423,一度に倍近く上がると、定期利用している団体は活動回数を減らさざるを得ません。（同種意見 36）,反対,市民団体,Webフォーム
424,値上げする場合でも、初年度は小幅にして段階的に移行する方法を検討してほしいです。（同種意見 36）,条件付き賛成,地域団体,説明会
425,子育てサークルは参加費を低く抑えているため、部屋代が上がると参加者負担に直結します。（同種意見 36）,反対,子育て団体,Webフォーム
426,地域の自主活動まで同じ料金体系にすると、住民同士の交流の場が減るのではないでしょうか。（同種意見 36）,反対,自治会,紙提出
427,高齢者の体操教室は健康づくりにもつながるので、減免の対象として残してほしいです。（同種意見 36）,条件付き賛成,高齢者団体,説明会
428,低所得の方も使える公共施設であるため、所得や活動目的に応じた配慮が必要です。（同種意見 36）,条件付き賛成,支援団体,Webフォーム
429,なぜこの金額になるのか、算定式や維持管理費の内訳が資料からは分かりません。（同種意見 36）,説明不足,一般利用者,Webフォーム
430,近隣自治体との比較だけでなく、施設の稼働率や利用目的ごとの影響も示してほしいです。（同種意見 36）,説明不足,市民団体,紙提出
431,意見募集期間が短く、利用団体内で十分に話し合う時間がありませんでした。（同種意見 36）,手続き懸念,地域団体,説明会
432,現行案だけでなく、段階導入案や時間帯別料金案など複数案を比較できると判断しやすいです。（同種意見 36）,代替案提案,一般利用者,Webフォーム
433,施設の老朽化が進んでいるので、維持管理費の一部を利用者が負担する考え方自体は理解できます。（同種意見 37）,条件付き賛成,一般利用者,Webフォーム
434,無料に近い料金のままでは将来の修繕費が不足すると思うので、根拠を示した上で見直すべきです。（同種意見 37）,賛成,一般利用者,紙提出
435,一度に倍近く上がると、定期利用している団体は活動回数を減らさざるを得ません。（同種意見 37）,反対,市民団体,Webフォーム
436,値上げする場合でも、初年度は小幅にして段階的に移行する方法を検討してほしいです。（同種意見 37）,条件付き賛成,地域団体,説明会
437,子育てサークルは参加費を低く抑えているため、部屋代が上がると参加者負担に直結します。（同種意見 37）,反対,子育て団体,Webフォーム
438,地域の自主活動まで同じ料金体系にすると、住民同士の交流の場が減るのではないでしょうか。（同種意見 37）,反対,自治会,紙提出
439,高齢者の体操教室は健康づくりにもつながるので、減免の対象として残してほしいです。（同種意見 37）,条件付き賛成,高齢者団体,説明会
440,低所得の方も使える公共施設であるため、所得や活動目的に応じた配慮が必要です。（同種意見 37）,条件付き賛成,支援団体,Webフォーム
441,なぜこの金額になるのか、算定式や維持管理費の内訳が資料からは分かりません。（同種意見 37）,説明不足,一般利用者,Webフォーム
442,近隣自治体との比較だけでなく、施設の稼働率や利用目的ごとの影響も示してほしいです。（同種意見 37）,説明不足,市民団体,紙提出
443,意見募集期間が短く、利用団体内で十分に話し合う時間がありませんでした。（同種意見 37）,手続き懸念,地域団体,説明会
444,現行案だけでなく、段階導入案や時間帯別料金案など複数案を比較できると判断しやすいです。（同種意見 37）,代替案提案,一般利用者,Webフォーム
445,施設の老朽化が進んでいるので、維持管理費の一部を利用者が負担する考え方自体は理解できます。（同種意見 38）,条件付き賛成,一般利用者,Webフォーム
446,無料に近い料金のままでは将来の修繕費が不足すると思うので、根拠を示した上で見直すべきです。（同種意見 38）,賛成,一般利用者,紙提出
447,一度に倍近く上がると、定期利用している団体は活動回数を減らさざるを得ません。（同種意見 38）,反対,市民団体,Webフォーム
448,値上げする場合でも、初年度は小幅にして段階的に移行する方法を検討してほしいです。（同種意見 38）,条件付き賛成,地域団体,説明会
449,子育てサークルは参加費を低く抑えているため、部屋代が上がると参加者負担に直結します。（同種意見 38）,反対,子育て団体,Webフォーム
450,地域の自主活動まで同じ料金体系にすると、住民同士の交流の場が減るのではないでしょうか。（同種意見 38）,反対,自治会,紙提出
451,高齢者の体操教室は健康づくりにもつながるので、減免の対象として残してほしいです。（同種意見 38）,条件付き賛成,高齢者団体,説明会
452,低所得の方も使える公共施設であるため、所得や活動目的に応じた配慮が必要です。（同種意見 38）,条件付き賛成,支援団体,Webフォーム
453,なぜこの金額になるのか、算定式や維持管理費の内訳が資料からは分かりません。（同種意見 38）,説明不足,一般利用者,Webフォーム
454,近隣自治体との比較だけでなく、施設の稼働率や利用目的ごとの影響も示してほしいです。（同種意見 38）,説明不足,市民団体,紙提出
455,意見募集期間が短く、利用団体内で十分に話し合う時間がありませんでした。（同種意見 38）,手続き懸念,地域団体,説明会
456,現行案だけでなく、段階導入案や時間帯別料金案など複数案を比較できると判断しやすいです。（同種意見 38）,代替案提案,一般利用者,Webフォーム
457,施設の老朽化が進んでいるので、維持管理費の一部を利用者が負担する考え方自体は理解できます。（同種意見 39）,条件付き賛成,一般利用者,Webフォーム
458,無料に近い料金のままでは将来の修繕費が不足すると思うので、根拠を示した上で見直すべきです。（同種意見 39）,賛成,一般利用者,紙提出
459,一度に倍近く上がると、定期利用している団体は活動回数を減らさざるを得ません。（同種意見 39）,反対,市民団体,Webフォーム
460,値上げする場合でも、初年度は小幅にして段階的に移行する方法を検討してほしいです。（同種意見 39）,条件付き賛成,地域団体,説明会
461,子育てサークルは参加費を低く抑えているため、部屋代が上がると参加者負担に直結します。（同種意見 39）,反対,子育て団体,Webフォーム
462,地域の自主活動まで同じ料金体系にすると、住民同士の交流の場が減るのではないでしょうか。（同種意見 39）,反対,自治会,紙提出
463,高齢者の体操教室は健康づくりにもつながるので、減免の対象として残してほしいです。（同種意見 39）,条件付き賛成,高齢者団体,説明会
464,低所得の方も使える公共施設であるため、所得や活動目的に応じた配慮が必要です。（同種意見 39）,条件付き賛成,支援団体,Webフォーム
465,なぜこの金額になるのか、算定式や維持管理費の内訳が資料からは分かりません。（同種意見 39）,説明不足,一般利用者,Webフォーム
466,近隣自治体との比較だけでなく、施設の稼働率や利用目的ごとの影響も示してほしいです。（同種意見 39）,説明不足,市民団体,紙提出
467,意見募集期間が短く、利用団体内で十分に話し合う時間がありませんでした。（同種意見 39）,手続き懸念,地域団体,説明会
468,現行案だけでなく、段階導入案や時間帯別料金案など複数案を比較できると判断しやすいです。（同種意見 39）,代替案提案,一般利用者,Webフォーム
469,施設の老朽化が進んでいるので、維持管理費の一部を利用者が負担する考え方自体は理解できます。（同種意見 40）,条件付き賛成,一般利用者,Webフォーム
470,無料に近い料金のままでは将来の修繕費が不足すると思うので、根拠を示した上で見直すべきです。（同種意見 40）,賛成,一般利用者,紙提出
471,一度に倍近く上がると、定期利用している団体は活動回数を減らさざるを得ません。（同種意見 40）,反対,市民団体,Webフォーム
472,値上げする場合でも、初年度は小幅にして段階的に移行する方法を検討してほしいです。（同種意見 40）,条件付き賛成,地域団体,説明会
473,子育てサークルは参加費を低く抑えているため、部屋代が上がると参加者負担に直結します。（同種意見 40）,反対,子育て団体,Webフォーム
474,地域の自主活動まで同じ料金体系にすると、住民同士の交流の場が減るのではないでしょうか。（同種意見 40）,反対,自治会,紙提出
475,高齢者の体操教室は健康づくりにもつながるので、減免の対象として残してほしいです。（同種意見 40）,条件付き賛成,高齢者団体,説明会
476,低所得の方も使える公共施設であるため、所得や活動目的に応じた配慮が必要です。（同種意見 40）,条件付き賛成,支援団体,Webフォーム
477,なぜこの金額になるのか、算定式や維持管理費の内訳が資料からは分かりません。（同種意見 40）,説明不足,一般利用者,Webフォーム
478,近隣自治体との比較だけでなく、施設の稼働率や利用目的ごとの影響も示してほしいです。（同種意見 40）,説明不足,市民団体,紙提出
479,意見募集期間が短く、利用団体内で十分に話し合う時間がありませんでした。（同種意見 40）,手続き懸念,地域団体,説明会
480,現行案だけでなく、段階導入案や時間帯別料金案など複数案を比較できると判断しやすいです。（同種意見 40）,代替案提案,一般利用者,Webフォーム
481,施設の老朽化が進んでいるので、維持管理費の一部を利用者が負担する考え方自体は理解できます。（同種意見 41）,条件付き賛成,一般利用者,Webフォーム
482,無料に近い料金のままでは将来の修繕費が不足すると思うので、根拠を示した上で見直すべきです。（同種意見 41）,賛成,一般利用者,紙提出
483,一度に倍近く上がると、定期利用している団体は活動回数を減らさざるを得ません。（同種意見 41）,反対,市民団体,Webフォーム
484,値上げする場合でも、初年度は小幅にして段階的に移行する方法を検討してほしいです。（同種意見 41）,条件付き賛成,地域団体,説明会
485,子育てサークルは参加費を低く抑えているため、部屋代が上がると参加者負担に直結します。（同種意見 41）,反対,子育て団体,Webフォーム
486,地域の自主活動まで同じ料金体系にすると、住民同士の交流の場が減るのではないでしょうか。（同種意見 41）,反対,自治会,紙提出
487,高齢者の体操教室は健康づくりにもつながるので、減免の対象として残してほしいです。（同種意見 41）,条件付き賛成,高齢者団体,説明会
488,低所得の方も使える公共施設であるため、所得や活動目的に応じた配慮が必要です。（同種意見 41）,条件付き賛成,支援団体,Webフォーム
489,なぜこの金額になるのか、算定式や維持管理費の内訳が資料からは分かりません。（同種意見 41）,説明不足,一般利用者,Webフォーム
490,近隣自治体との比較だけでなく、施設の稼働率や利用目的ごとの影響も示してほしいです。（同種意見 41）,説明不足,市民団体,紙提出
491,意見募集期間が短く、利用団体内で十分に話し合う時間がありませんでした。（同種意見 41）,手続き懸念,地域団体,説明会
492,現行案だけでなく、段階導入案や時間帯別料金案など複数案を比較できると判断しやすいです。（同種意見 41）,代替案提案,一般利用者,Webフォーム
493,施設の老朽化が進んでいるので、維持管理費の一部を利用者が負担する考え方自体は理解できます。（同種意見 42）,条件付き賛成,一般利用者,Webフォーム
494,無料に近い料金のままでは将来の修繕費が不足すると思うので、根拠を示した上で見直すべきです。（同種意見 42）,賛成,一般利用者,紙提出
495,一度に倍近く上がると、定期利用している団体は活動回数を減らさざるを得ません。（同種意見 42）,反対,市民団体,Webフォーム
496,値上げする場合でも、初年度は小幅にして段階的に移行する方法を検討してほしいです。（同種意見 42）,条件付き賛成,地域団体,説明会
497,子育てサークルは参加費を低く抑えているため、部屋代が上がると参加者負担に直結します。（同種意見 42）,反対,子育て団体,Webフォーム
498,地域の自主活動まで同じ料金体系にすると、住民同士の交流の場が減るのではないでしょうか。（同種意見 42）,反対,自治会,紙提出
499,高齢者の体操教室は健康づくりにもつながるので、減免の対象として残してほしいです。（同種意見 42）,条件付き賛成,高齢者団体,説明会
500,低所得の方も使える公共施設であるため、所得や活動目的に応じた配慮が必要です。（同種意見 42）,条件付き賛成,支援団体,Webフォーム
501,なぜこの金額になるのか、算定式や維持管理費の内訳が資料からは分かりません。（同種意見 42）,説明不足,一般利用者,Webフォーム
502,近隣自治体との比較だけでなく、施設の稼働率や利用目的ごとの影響も示してほしいです。（同種意見 42）,説明不足,市民団体,紙提出
503,意見募集期間が短く、利用団体内で十分に話し合う時間がありませんでした。（同種意見 42）,手続き懸念,地域団体,説明会
504,現行案だけでなく、段階導入案や時間帯別料金案など複数案を比較できると判断しやすいです。（同種意見 42）,代替案提案,一般利用者,Webフォーム
505,施設の老朽化が進んでいるので、維持管理費の一部を利用者が負担する考え方自体は理解できます。（同種意見 43）,条件付き賛成,一般利用者,Webフォーム
506,無料に近い料金のままでは将来の修繕費が不足すると思うので、根拠を示した上で見直すべきです。（同種意見 43）,賛成,一般利用者,紙提出
507,一度に倍近く上がると、定期利用している団体は活動回数を減らさざるを得ません。（同種意見 43）,反対,市民団体,Webフォーム
508,値上げする場合でも、初年度は小幅にして段階的に移行する方法を検討してほしいです。（同種意見 43）,条件付き賛成,地域団体,説明会
509,子育てサークルは参加費を低く抑えているため、部屋代が上がると参加者負担に直結します。（同種意見 43）,反対,子育て団体,Webフォーム
510,地域の自主活動まで同じ料金体系にすると、住民同士の交流の場が減るのではないでしょうか。（同種意見 43）,反対,自治会,紙提出
511,高齢者の体操教室は健康づくりにもつながるので、減免の対象として残してほしいです。（同種意見 43）,条件付き賛成,高齢者団体,説明会
512,低所得の方も使える公共施設であるため、所得や活動目的に応じた配慮が必要です。（同種意見 43）,条件付き賛成,支援団体,Webフォーム
513,なぜこの金額になるのか、算定式や維持管理費の内訳が資料からは分かりません。（同種意見 43）,説明不足,一般利用者,Webフォーム
514,近隣自治体との比較だけでなく、施設の稼働率や利用目的ごとの影響も示してほしいです。（同種意見 43）,説明不足,市民団体,紙提出
515,意見募集期間が短く、利用団体内で十分に話し合う時間がありませんでした。（同種意見 43）,手続き懸念,地域団体,説明会
516,現行案だけでなく、段階導入案や時間帯別料金案など複数案を比較できると判断しやすいです。（同種意見 43）,代替案提案,一般利用者,Webフォーム
517,施設の老朽化が進んでいるので、維持管理費の一部を利用者が負担する考え方自体は理解できます。（同種意見 44）,条件付き賛成,一般利用者,Webフォーム
518,無料に近い料金のままでは将来の修繕費が不足すると思うので、根拠を示した上で見直すべきです。（同種意見 44）,賛成,一般利用者,紙提出
519,一度に倍近く上がると、定期利用している団体は活動回数を減らさざるを得ません。（同種意見 44）,反対,市民団体,Webフォーム
520,値上げする場合でも、初年度は小幅にして段階的に移行する方法を検討してほしいです。（同種意見 44）,条件付き賛成,地域団体,説明会
521,子育てサークルは参加費を低く抑えているため、部屋代が上がると参加者負担に直結します。（同種意見 44）,反対,子育て団体,Webフォーム
522,地域の自主活動まで同じ料金体系にすると、住民同士の交流の場が減るのではないでしょうか。（同種意見 44）,反対,自治会,紙提出
523,高齢者の体操教室は健康づくりにもつながるので、減免の対象として残してほしいです。（同種意見 44）,条件付き賛成,高齢者団体,説明会
524,低所得の方も使える公共施設であるため、所得や活動目的に応じた配慮が必要です。（同種意見 44）,条件付き賛成,支援団体,Webフォーム
525,なぜこの金額になるのか、算定式や維持管理費の内訳が資料からは分かりません。（同種意見 44）,説明不足,一般利用者,Webフォーム
526,近隣自治体との比較だけでなく、施設の稼働率や利用目的ごとの影響も示してほしいです。（同種意見 44）,説明不足,市民団体,紙提出
527,意見募集期間が短く、利用団体内で十分に話し合う時間がありませんでした。（同種意見 44）,手続き懸念,地域団体,説明会
528,現行案だけでなく、段階導入案や時間帯別料金案など複数案を比較できると判断しやすいです。（同種意見 44）,代替案提案,一般利用者,Webフォーム
529,施設の老朽化が進んでいるので、維持管理費の一部を利用者が負担する考え方自体は理解できます。（同種意見 45）,条件付き賛成,一般利用者,Webフォーム
530,無料に近い料金のままでは将来の修繕費が不足すると思うので、根拠を示した上で見直すべきです。（同種意見 45）,賛成,一般利用者,紙提出
531,一度に倍近く上がると、定期利用している団体は活動回数を減らさざるを得ません。（同種意見 45）,反対,市民団体,Webフォーム
532,値上げする場合でも、初年度は小幅にして段階的に移行する方法を検討してほしいです。（同種意見 45）,条件付き賛成,地域団体,説明会
533,子育てサークルは参加費を低く抑えているため、部屋代が上がると参加者負担に直結します。（同種意見 45）,反対,子育て団体,Webフォーム
534,地域の自主活動まで同じ料金体系にすると、住民同士の交流の場が減るのではないでしょうか。（同種意見 45）,反対,自治会,紙提出
535,高齢者の体操教室は健康づくりにもつながるので、減免の対象として残してほしいです。（同種意見 45）,条件付き賛成,高齢者団体,説明会
536,低所得の方も使える公共施設であるため、所得や活動目的に応じた配慮が必要です。（同種意見 45）,条件付き賛成,支援団体,Webフォーム
537,なぜこの金額になるのか、算定式や維持管理費の内訳が資料からは分かりません。（同種意見 45）,説明不足,一般利用者,Webフォーム
538,近隣自治体との比較だけでなく、施設の稼働率や利用目的ごとの影響も示してほしいです。（同種意見 45）,説明不足,市民団体,紙提出
539,意見募集期間が短く、利用団体内で十分に話し合う時間がありませんでした。（同種意見 45）,手続き懸念,地域団体,説明会
540,現行案だけでなく、段階導入案や時間帯別料金案など複数案を比較できると判断しやすいです。（同種意見 45）,代替案提案,一般利用者,Webフォーム
541,施設の老朽化が進んでいるので、維持管理費の一部を利用者が負担する考え方自体は理解できます。（同種意見 46）,条件付き賛成,一般利用者,Webフォーム
542,無料に近い料金のままでは将来の修繕費が不足すると思うので、根拠を示した上で見直すべきです。（同種意見 46）,賛成,一般利用者,紙提出
543,一度に倍近く上がると、定期利用している団体は活動回数を減らさざるを得ません。（同種意見 46）,反対,市民団体,Webフォーム
544,値上げする場合でも、初年度は小幅にして段階的に移行する方法を検討してほしいです。（同種意見 46）,条件付き賛成,地域団体,説明会
545,子育てサークルは参加費を低く抑えているため、部屋代が上がると参加者負担に直結します。（同種意見 46）,反対,子育て団体,Webフォーム
546,地域の自主活動まで同じ料金体系にすると、住民同士の交流の場が減るのではないでしょうか。（同種意見 46）,反対,自治会,紙提出
547,高齢者の体操教室は健康づくりにもつながるので、減免の対象として残してほしいです。（同種意見 46）,条件付き賛成,高齢者団体,説明会
548,低所得の方も使える公共施設であるため、所得や活動目的に応じた配慮が必要です。（同種意見 46）,条件付き賛成,支援団体,Webフォーム
549,なぜこの金額になるのか、算定式や維持管理費の内訳が資料からは分かりません。（同種意見 46）,説明不足,一般利用者,Webフォーム
550,近隣自治体との比較だけでなく、施設の稼働率や利用目的ごとの影響も示してほしいです。（同種意見 46）,説明不足,市民団体,紙提出
551,意見募集期間が短く、利用団体内で十分に話し合う時間がありませんでした。（同種意見 46）,手続き懸念,地域団体,説明会
552,現行案だけでなく、段階導入案や時間帯別料金案など複数案を比較できると判断しやすいです。（同種意見 46）,代替案提案,一般利用者,Webフォーム
553,施設の老朽化が進んでいるので、維持管理費の一部を利用者が負担する考え方自体は理解できます。（同種意見 47）,条件付き賛成,一般利用者,Webフォーム
554,無料に近い料金のままでは将来の修繕費が不足すると思うので、根拠を示した上で見直すべきです。（同種意見 47）,賛成,一般利用者,紙提出
555,一度に倍近く上がると、定期利用している団体は活動回数を減らさざるを得ません。（同種意見 47）,反対,市民団体,Webフォーム
556,値上げする場合でも、初年度は小幅にして段階的に移行する方法を検討してほしいです。（同種意見 47）,条件付き賛成,地域団体,説明会
557,子育てサークルは参加費を低く抑えているため、部屋代が上がると参加者負担に直結します。（同種意見 47）,反対,子育て団体,Webフォーム
558,地域の自主活動まで同じ料金体系にすると、住民同士の交流の場が減るのではないでしょうか。（同種意見 47）,反対,自治会,紙提出
559,高齢者の体操教室は健康づくりにもつながるので、減免の対象として残してほしいです。（同種意見 47）,条件付き賛成,高齢者団体,説明会
560,低所得の方も使える公共施設であるため、所得や活動目的に応じた配慮が必要です。（同種意見 47）,条件付き賛成,支援団体,Webフォーム
561,なぜこの金額になるのか、算定式や維持管理費の内訳が資料からは分かりません。（同種意見 47）,説明不足,一般利用者,Webフォーム
562,近隣自治体との比較だけでなく、施設の稼働率や利用目的ごとの影響も示してほしいです。（同種意見 47）,説明不足,市民団体,紙提出
563,意見募集期間が短く、利用団体内で十分に話し合う時間がありませんでした。（同種意見 47）,手続き懸念,地域団体,説明会
564,現行案だけでなく、段階導入案や時間帯別料金案など複数案を比較できると判断しやすいです。（同種意見 47）,代替案提案,一般利用者,Webフォーム
565,施設の老朽化が進んでいるので、維持管理費の一部を利用者が負担する考え方自体は理解できます。（同種意見 48）,条件付き賛成,一般利用者,Webフォーム
566,無料に近い料金のままでは将来の修繕費が不足すると思うので、根拠を示した上で見直すべきです。（同種意見 48）,賛成,一般利用者,紙提出
567,一度に倍近く上がると、定期利用している団体は活動回数を減らさざるを得ません。（同種意見 48）,反対,市民団体,Webフォーム
568,値上げする場合でも、初年度は小幅にして段階的に移行する方法を検討してほしいです。（同種意見 48）,条件付き賛成,地域団体,説明会
569,子育てサークルは参加費を低く抑えているため、部屋代が上がると参加者負担に直結します。（同種意見 48）,反対,子育て団体,Webフォーム
570,地域の自主活動まで同じ料金体系にすると、住民同士の交流の場が減るのではないでしょうか。（同種意見 48）,反対,自治会,紙提出
571,高齢者の体操教室は健康づくりにもつながるので、減免の対象として残してほしいです。（同種意見 48）,条件付き賛成,高齢者団体,説明会
572,低所得の方も使える公共施設であるため、所得や活動目的に応じた配慮が必要です。（同種意見 48）,条件付き賛成,支援団体,Webフォーム
573,なぜこの金額になるのか、算定式や維持管理費の内訳が資料からは分かりません。（同種意見 48）,説明不足,一般利用者,Webフォーム
574,近隣自治体との比較だけでなく、施設の稼働率や利用目的ごとの影響も示してほしいです。（同種意見 48）,説明不足,市民団体,紙提出
575,意見募集期間が短く、利用団体内で十分に話し合う時間がありませんでした。（同種意見 48）,手続き懸念,地域団体,説明会
576,現行案だけでなく、段階導入案や時間帯別料金案など複数案を比較できると判断しやすいです。（同種意見 48）,代替案提案,一般利用者,Webフォーム
577,施設の老朽化が進んでいるので、維持管理費の一部を利用者が負担する考え方自体は理解できます。（同種意見 49）,条件付き賛成,一般利用者,Webフォーム
578,無料に近い料金のままでは将来の修繕費が不足すると思うので、根拠を示した上で見直すべきです。（同種意見 49）,賛成,一般利用者,紙提出
579,一度に倍近く上がると、定期利用している団体は活動回数を減らさざるを得ません。（同種意見 49）,反対,市民団体,Webフォーム
580,値上げする場合でも、初年度は小幅にして段階的に移行する方法を検討してほしいです。（同種意見 49）,条件付き賛成,地域団体,説明会
581,子育てサークルは参加費を低く抑えているため、部屋代が上がると参加者負担に直結します。（同種意見 49）,反対,子育て団体,Webフォーム
582,地域の自主活動まで同じ料金体系にすると、住民同士の交流の場が減るのではないでしょうか。（同種意見 49）,反対,自治会,紙提出
583,高齢者の体操教室は健康づくりにもつながるので、減免の対象として残してほしいです。（同種意見 49）,条件付き賛成,高齢者団体,説明会
584,低所得の方も使える公共施設であるため、所得や活動目的に応じた配慮が必要です。（同種意見 49）,条件付き賛成,支援団体,Webフォーム
585,なぜこの金額になるのか、算定式や維持管理費の内訳が資料からは分かりません。（同種意見 49）,説明不足,一般利用者,Webフォーム
586,近隣自治体との比較だけでなく、施設の稼働率や利用目的ごとの影響も示してほしいです。（同種意見 49）,説明不足,市民団体,紙提出
587,意見募集期間が短く、利用団体内で十分に話し合う時間がありませんでした。（同種意見 49）,手続き懸念,地域団体,説明会
588,現行案だけでなく、段階導入案や時間帯別料金案など複数案を比較できると判断しやすいです。（同種意見 49）,代替案提案,一般利用者,Webフォーム
589,施設の老朽化が進んでいるので、維持管理費の一部を利用者が負担する考え方自体は理解できます。（同種意見 50）,条件付き賛成,一般利用者,Webフォーム
590,無料に近い料金のままでは将来の修繕費が不足すると思うので、根拠を示した上で見直すべきです。（同種意見 50）,賛成,一般利用者,紙提出
591,一度に倍近く上がると、定期利用している団体は活動回数を減らさざるを得ません。（同種意見 50）,反対,市民団体,Webフォーム
592,値上げする場合でも、初年度は小幅にして段階的に移行する方法を検討してほしいです。（同種意見 50）,条件付き賛成,地域団体,説明会
593,子育てサークルは参加費を低く抑えているため、部屋代が上がると参加者負担に直結します。（同種意見 50）,反対,子育て団体,Webフォーム
594,地域の自主活動まで同じ料金体系にすると、住民同士の交流の場が減るのではないでしょうか。（同種意見 50）,反対,自治会,紙提出
595,高齢者の体操教室は健康づくりにもつながるので、減免の対象として残してほしいです。（同種意見 50）,条件付き賛成,高齢者団体,説明会
596,低所得の方も使える公共施設であるため、所得や活動目的に応じた配慮が必要です。（同種意見 50）,条件付き賛成,支援団体,Webフォーム
597,なぜこの金額になるのか、算定式や維持管理費の内訳が資料からは分かりません。（同種意見 50）,説明不足,一般利用者,Webフォーム
598,近隣自治体との比較だけでなく、施設の稼働率や利用目的ごとの影響も示してほしいです。（同種意見 50）,説明不足,市民団体,紙提出
599,意見募集期間が短く、利用団体内で十分に話し合う時間がありませんでした。（同種意見 50）,手続き懸念,地域団体,説明会
600,現行案だけでなく、段階導入案や時間帯別料金案など複数案を比較できると判断しやすいです。（同種意見 50）,代替案提案,一般利用者,Webフォーム
601,施設の老朽化が進んでいるので、維持管理費の一部を利用者が負担する考え方自体は理解できます。（同種意見 51）,条件付き賛成,一般利用者,Webフォーム
602,無料に近い料金のままでは将来の修繕費が不足すると思うので、根拠を示した上で見直すべきです。（同種意見 51）,賛成,一般利用者,紙提出
603,一度に倍近く上がると、定期利用している団体は活動回数を減らさざるを得ません。（同種意見 51）,反対,市民団体,Webフォーム
604,値上げする場合でも、初年度は小幅にして段階的に移行する方法を検討してほしいです。（同種意見 51）,条件付き賛成,地域団体,説明会
605,子育てサークルは参加費を低く抑えているため、部屋代が上がると参加者負担に直結します。（同種意見 51）,反対,子育て団体,Webフォーム
606,地域の自主活動まで同じ料金体系にすると、住民同士の交流の場が減るのではないでしょうか。（同種意見 51）,反対,自治会,紙提出
607,高齢者の体操教室は健康づくりにもつながるので、減免の対象として残してほしいです。（同種意見 51）,条件付き賛成,高齢者団体,説明会
608,低所得の方も使える公共施設であるため、所得や活動目的に応じた配慮が必要です。（同種意見 51）,条件付き賛成,支援団体,Webフォーム
609,なぜこの金額になるのか、算定式や維持管理費の内訳が資料からは分かりません。（同種意見 51）,説明不足,一般利用者,Webフォーム
610,近隣自治体との比較だけでなく、施設の稼働率や利用目的ごとの影響も示してほしいです。（同種意見 51）,説明不足,市民団体,紙提出
611,意見募集期間が短く、利用団体内で十分に話し合う時間がありませんでした。（同種意見 51）,手続き懸念,地域団体,説明会
612,現行案だけでなく、段階導入案や時間帯別料金案など複数案を比較できると判断しやすいです。（同種意見 51）,代替案提案,一般利用者,Webフォーム
613,施設の老朽化が進んでいるので、維持管理費の一部を利用者が負担する考え方自体は理解できます。（同種意見 52）,条件付き賛成,一般利用者,Webフォーム
614,無料に近い料金のままでは将来の修繕費が不足すると思うので、根拠を示した上で見直すべきです。（同種意見 52）,賛成,一般利用者,紙提出
615,一度に倍近く上がると、定期利用している団体は活動回数を減らさざるを得ません。（同種意見 52）,反対,市民団体,Webフォーム
616,値上げする場合でも、初年度は小幅にして段階的に移行する方法を検討してほしいです。（同種意見 52）,条件付き賛成,地域団体,説明会
617,子育てサークルは参加費を低く抑えているため、部屋代が上がると参加者負担に直結します。（同種意見 52）,反対,子育て団体,Webフォーム
618,地域の自主活動まで同じ料金体系にすると、住民同士の交流の場が減るのではないでしょうか。（同種意見 52）,反対,自治会,紙提出
619,高齢者の体操教室は健康づくりにもつながるので、減免の対象として残してほしいです。（同種意見 52）,条件付き賛成,高齢者団体,説明会
620,低所得の方も使える公共施設であるため、所得や活動目的に応じた配慮が必要です。（同種意見 52）,条件付き賛成,支援団体,Webフォーム
621,なぜこの金額になるのか、算定式や維持管理費の内訳が資料からは分かりません。（同種意見 52）,説明不足,一般利用者,Webフォーム
622,近隣自治体との比較だけでなく、施設の稼働率や利用目的ごとの影響も示してほしいです。（同種意見 52）,説明不足,市民団体,紙提出
623,意見募集期間が短く、利用団体内で十分に話し合う時間がありませんでした。（同種意見 52）,手続き懸念,地域団体,説明会
624,現行案だけでなく、段階導入案や時間帯別料金案など複数案を比較できると判断しやすいです。（同種意見 52）,代替案提案,一般利用者,Webフォーム
625,施設の老朽化が進んでいるので、維持管理費の一部を利用者が負担する考え方自体は理解できます。（同種意見 53）,条件付き賛成,一般利用者,Webフォーム
626,無料に近い料金のままでは将来の修繕費が不足すると思うので、根拠を示した上で見直すべきです。（同種意見 53）,賛成,一般利用者,紙提出
627,一度に倍近く上がると、定期利用している団体は活動回数を減らさざるを得ません。（同種意見 53）,反対,市民団体,Webフォーム
628,値上げする場合でも、初年度は小幅にして段階的に移行する方法を検討してほしいです。（同種意見 53）,条件付き賛成,地域団体,説明会
629,子育てサークルは参加費を低く抑えているため、部屋代が上がると参加者負担に直結します。（同種意見 53）,反対,子育て団体,Webフォーム
630,地域の自主活動まで同じ料金体系にすると、住民同士の交流の場が減るのではないでしょうか。（同種意見 53）,反対,自治会,紙提出
631,高齢者の体操教室は健康づくりにもつながるので、減免の対象として残してほしいです。（同種意見 53）,条件付き賛成,高齢者団体,説明会
632,低所得の方も使える公共施設であるため、所得や活動目的に応じた配慮が必要です。（同種意見 53）,条件付き賛成,支援団体,Webフォーム
633,なぜこの金額になるのか、算定式や維持管理費の内訳が資料からは分かりません。（同種意見 53）,説明不足,一般利用者,Webフォーム
634,近隣自治体との比較だけでなく、施設の稼働率や利用目的ごとの影響も示してほしいです。（同種意見 53）,説明不足,市民団体,紙提出
635,意見募集期間が短く、利用団体内で十分に話し合う時間がありませんでした。（同種意見 53）,手続き懸念,地域団体,説明会
636,現行案だけでなく、段階導入案や時間帯別料金案など複数案を比較できると判断しやすいです。（同種意見 53）,代替案提案,一般利用者,Webフォーム
637,施設の老朽化が進んでいるので、維持管理費の一部を利用者が負担する考え方自体は理解できます。（同種意見 54）,条件付き賛成,一般利用者,Webフォーム
638,無料に近い料金のままでは将来の修繕費が不足すると思うので、根拠を示した上で見直すべきです。（同種意見 54）,賛成,一般利用者,紙提出
639,一度に倍近く上がると、定期利用している団体は活動回数を減らさざるを得ません。（同種意見 54）,反対,市民団体,Webフォーム
640,値上げする場合でも、初年度は小幅にして段階的に移行する方法を検討してほしいです。（同種意見 54）,条件付き賛成,地域団体,説明会
641,子育てサークルは参加費を低く抑えているため、部屋代が上がると参加者負担に直結します。（同種意見 54）,反対,子育て団体,Webフォーム
642,地域の自主活動まで同じ料金体系にすると、住民同士の交流の場が減るのではないでしょうか。（同種意見 54）,反対,自治会,紙提出
643,高齢者の体操教室は健康づくりにもつながるので、減免の対象として残してほしいです。（同種意見 54）,条件付き賛成,高齢者団体,説明会
644,低所得の方も使える公共施設であるため、所得や活動目的に応じた配慮が必要です。（同種意見 54）,条件付き賛成,支援団体,Webフォーム
645,なぜこの金額になるのか、算定式や維持管理費の内訳が資料からは分かりません。（同種意見 54）,説明不足,一般利用者,Webフォーム
646,近隣自治体との比較だけでなく、施設の稼働率や利用目的ごとの影響も示してほしいです。（同種意見 54）,説明不足,市民団体,紙提出
647,意見募集期間が短く、利用団体内で十分に話し合う時間がありませんでした。（同種意見 54）,手続き懸念,地域団体,説明会
648,現行案だけでなく、段階導入案や時間帯別料金案など複数案を比較できると判断しやすいです。（同種意見 54）,代替案提案,一般利用者,Webフォーム
649,施設の老朽化が進んでいるので、維持管理費の一部を利用者が負担する考え方自体は理解できます。（同種意見 55）,条件付き賛成,一般利用者,Webフォーム
650,無料に近い料金のままでは将来の修繕費が不足すると思うので、根拠を示した上で見直すべきです。（同種意見 55）,賛成,一般利用者,紙提出
651,一度に倍近く上がると、定期利用している団体は活動回数を減らさざるを得ません。（同種意見 55）,反対,市民団体,Webフォーム
652,値上げする場合でも、初年度は小幅にして段階的に移行する方法を検討してほしいです。（同種意見 55）,条件付き賛成,地域団体,説明会
653,子育てサークルは参加費を低く抑えているため、部屋代が上がると参加者負担に直結します。（同種意見 55）,反対,子育て団体,Webフォーム
654,地域の自主活動まで同じ料金体系にすると、住民同士の交流の場が減るのではないでしょうか。（同種意見 55）,反対,自治会,紙提出
655,高齢者の体操教室は健康づくりにもつながるので、減免の対象として残してほしいです。（同種意見 55）,条件付き賛成,高齢者団体,説明会
656,低所得の方も使える公共施設であるため、所得や活動目的に応じた配慮が必要です。（同種意見 55）,条件付き賛成,支援団体,Webフォーム
657,なぜこの金額になるのか、算定式や維持管理費の内訳が資料からは分かりません。（同種意見 55）,説明不足,一般利用者,Webフォーム
658,近隣自治体との比較だけでなく、施設の稼働率や利用目的ごとの影響も示してほしいです。（同種意見 55）,説明不足,市民団体,紙提出
659,意見募集期間が短く、利用団体内で十分に話し合う時間がありませんでした。（同種意見 55）,手続き懸念,地域団体,説明会
660,現行案だけでなく、段階導入案や時間帯別料金案など複数案を比較できると判断しやすいです。（同種意見 55）,代替案提案,一般利用者,Webフォーム
661,施設の老朽化が進んでいるので、維持管理費の一部を利用者が負担する考え方自体は理解できます。（同種意見 56）,条件付き賛成,一般利用者,Webフォーム
662,無料に近い料金のままでは将来の修繕費が不足すると思うので、根拠を示した上で見直すべきです。（同種意見 56）,賛成,一般利用者,紙提出
663,一度に倍近く上がると、定期利用している団体は活動回数を減らさざるを得ません。（同種意見 56）,反対,市民団体,Webフォーム
664,値上げする場合でも、初年度は小幅にして段階的に移行する方法を検討してほしいです。（同種意見 56）,条件付き賛成,地域団体,説明会
665,子育てサークルは参加費を低く抑えているため、部屋代が上がると参加者負担に直結します。（同種意見 56）,反対,子育て団体,Webフォーム
666,地域の自主活動まで同じ料金体系にすると、住民同士の交流の場が減るのではないでしょうか。（同種意見 56）,反対,自治会,紙提出
667,高齢者の体操教室は健康づくりにもつながるので、減免の対象として残してほしいです。（同種意見 56）,条件付き賛成,高齢者団体,説明会
668,低所得の方も使える公共施設であるため、所得や活動目的に応じた配慮が必要です。（同種意見 56）,条件付き賛成,支援団体,Webフォーム
669,なぜこの金額になるのか、算定式や維持管理費の内訳が資料からは分かりません。（同種意見 56）,説明不足,一般利用者,Webフォーム
670,近隣自治体との比較だけでなく、施設の稼働率や利用目的ごとの影響も示してほしいです。（同種意見 56）,説明不足,市民団体,紙提出
671,意見募集期間が短く、利用団体内で十分に話し合う時間がありませんでした。（同種意見 56）,手続き懸念,地域団体,説明会
672,現行案だけでなく、段階導入案や時間帯別料金案など複数案を比較できると判断しやすいです。（同種意見 56）,代替案提案,一般利用者,Webフォーム
673,施設の老朽化が進んでいるので、維持管理費の一部を利用者が負担する考え方自体は理解できます。（同種意見 57）,条件付き賛成,一般利用者,Webフォーム
674,無料に近い料金のままでは将来の修繕費が不足すると思うので、根拠を示した上で見直すべきです。（同種意見 57）,賛成,一般利用者,紙提出
675,一度に倍近く上がると、定期利用している団体は活動回数を減らさざるを得ません。（同種意見 57）,反対,市民団体,Webフォーム
676,値上げする場合でも、初年度は小幅にして段階的に移行する方法を検討してほしいです。（同種意見 57）,条件付き賛成,地域団体,説明会
677,子育てサークルは参加費を低く抑えているため、部屋代が上がると参加者負担に直結します。（同種意見 57）,反対,子育て団体,Webフォーム
678,地域の自主活動まで同じ料金体系にすると、住民同士の交流の場が減るのではないでしょうか。（同種意見 57）,反対,自治会,紙提出
679,高齢者の体操教室は健康づくりにもつながるので、減免の対象として残してほしいです。（同種意見 57）,条件付き賛成,高齢者団体,説明会
680,低所得の方も使える公共施設であるため、所得や活動目的に応じた配慮が必要です。（同種意見 57）,条件付き賛成,支援団体,Webフォーム
681,なぜこの金額になるのか、算定式や維持管理費の内訳が資料からは分かりません。（同種意見 57）,説明不足,一般利用者,Webフォーム
682,近隣自治体との比較だけでなく、施設の稼働率や利用目的ごとの影響も示してほしいです。（同種意見 57）,説明不足,市民団体,紙提出
683,意見募集期間が短く、利用団体内で十分に話し合う時間がありませんでした。（同種意見 57）,手続き懸念,地域団体,説明会
684,現行案だけでなく、段階導入案や時間帯別料金案など複数案を比較できると判断しやすいです。（同種意見 57）,代替案提案,一般利用者,Webフォーム
685,施設の老朽化が進んでいるので、維持管理費の一部を利用者が負担する考え方自体は理解できます。（同種意見 58）,条件付き賛成,一般利用者,Webフォーム
686,無料に近い料金のままでは将来の修繕費が不足すると思うので、根拠を示した上で見直すべきです。（同種意見 58）,賛成,一般利用者,紙提出
687,一度に倍近く上がると、定期利用している団体は活動回数を減らさざるを得ません。（同種意見 58）,反対,市民団体,Webフォーム
688,値上げする場合でも、初年度は小幅にして段階的に移行する方法を検討してほしいです。（同種意見 58）,条件付き賛成,地域団体,説明会
689,子育てサークルは参加費を低く抑えているため、部屋代が上がると参加者負担に直結します。（同種意見 58）,反対,子育て団体,Webフォーム
690,地域の自主活動まで同じ料金体系にすると、住民同士の交流の場が減るのではないでしょうか。（同種意見 58）,反対,自治会,紙提出
691,高齢者の体操教室は健康づくりにもつながるので、減免の対象として残してほしいです。（同種意見 58）,条件付き賛成,高齢者団体,説明会
692,低所得の方も使える公共施設であるため、所得や活動目的に応じた配慮が必要です。（同種意見 58）,条件付き賛成,支援団体,Webフォーム
693,なぜこの金額になるのか、算定式や維持管理費の内訳が資料からは分かりません。（同種意見 58）,説明不足,一般利用者,Webフォーム
694,近隣自治体との比較だけでなく、施設の稼働率や利用目的ごとの影響も示してほしいです。（同種意見 58）,説明不足,市民団体,紙提出
695,意見募集期間が短く、利用団体内で十分に話し合う時間がありませんでした。（同種意見 58）,手続き懸念,地域団体,説明会
696,現行案だけでなく、段階導入案や時間帯別料金案など複数案を比較できると判断しやすいです。（同種意見 58）,代替案提案,一般利用者,Webフォーム
697,施設の老朽化が進んでいるので、維持管理費の一部を利用者が負担する考え方自体は理解できます。（同種意見 59）,条件付き賛成,一般利用者,Webフォーム
698,無料に近い料金のままでは将来の修繕費が不足すると思うので、根拠を示した上で見直すべきです。（同種意見 59）,賛成,一般利用者,紙提出
699,一度に倍近く上がると、定期利用している団体は活動回数を減らさざるを得ません。（同種意見 59）,反対,市民団体,Webフォーム
700,値上げする場合でも、初年度は小幅にして段階的に移行する方法を検討してほしいです。（同種意見 59）,条件付き賛成,地域団体,説明会
701,子育てサークルは参加費を低く抑えているため、部屋代が上がると参加者負担に直結します。（同種意見 59）,反対,子育て団体,Webフォーム
702,地域の自主活動まで同じ料金体系にすると、住民同士の交流の場が減るのではないでしょうか。（同種意見 59）,反対,自治会,紙提出
703,高齢者の体操教室は健康づくりにもつながるので、減免の対象として残してほしいです。（同種意見 59）,条件付き賛成,高齢者団体,説明会
704,低所得の方も使える公共施設であるため、所得や活動目的に応じた配慮が必要です。（同種意見 59）,条件付き賛成,支援団体,Webフォーム
705,なぜこの金額になるのか、算定式や維持管理費の内訳が資料からは分かりません。（同種意見 59）,説明不足,一般利用者,Webフォーム
706,近隣自治体との比較だけでなく、施設の稼働率や利用目的ごとの影響も示してほしいです。（同種意見 59）,説明不足,市民団体,紙提出
707,意見募集期間が短く、利用団体内で十分に話し合う時間がありませんでした。（同種意見 59）,手続き懸念,地域団体,説明会
708,現行案だけでなく、段階導入案や時間帯別料金案など複数案を比較できると判断しやすいです。（同種意見 59）,代替案提案,一般利用者,Webフォーム
709,施設の老朽化が進んでいるので、維持管理費の一部を利用者が負担する考え方自体は理解できます。（同種意見 60）,条件付き賛成,一般利用者,Webフォーム
710,無料に近い料金のままでは将来の修繕費が不足すると思うので、根拠を示した上で見直すべきです。（同種意見 60）,賛成,一般利用者,紙提出
711,一度に倍近く上がると、定期利用している団体は活動回数を減らさざるを得ません。（同種意見 60）,反対,市民団体,Webフォーム
712,値上げする場合でも、初年度は小幅にして段階的に移行する方法を検討してほしいです。（同種意見 60）,条件付き賛成,地域団体,説明会
713,子育てサークルは参加費を低く抑えているため、部屋代が上がると参加者負担に直結します。（同種意見 60）,反対,子育て団体,Webフォーム
714,地域の自主活動まで同じ料金体系にすると、住民同士の交流の場が減るのではないでしょうか。（同種意見 60）,反対,自治会,紙提出
715,高齢者の体操教室は健康づくりにもつながるので、減免の対象として残してほしいです。（同種意見 60）,条件付き賛成,高齢者団体,説明会
716,低所得の方も使える公共施設であるため、所得や活動目的に応じた配慮が必要です。（同種意見 60）,条件付き賛成,支援団体,Webフォーム
717,なぜこの金額になるのか、算定式や維持管理費の内訳が資料からは分かりません。（同種意見 60）,説明不足,一般利用者,Webフォーム
718,近隣自治体との比較だけでなく、施設の稼働率や利用目的ごとの影響も示してほしいです。（同種意見 60）,説明不足,市民団体,紙提出
719,意見募集期間が短く、利用団体内で十分に話し合う時間がありませんでした。（同種意見 60）,手続き懸念,地域団体,説明会
720,現行案だけでなく、段階導入案や時間帯別料金案など複数案を比較できると判断しやすいです。（同種意見 60）,代替案提案,一般利用者,Webフォーム
721,施設の老朽化が進んでいるので、維持管理費の一部を利用者が負担する考え方自体は理解できます。（同種意見 61）,条件付き賛成,一般利用者,Webフォーム
722,無料に近い料金のままでは将来の修繕費が不足すると思うので、根拠を示した上で見直すべきです。（同種意見 61）,賛成,一般利用者,紙提出
723,一度に倍近く上がると、定期利用している団体は活動回数を減らさざるを得ません。（同種意見 61）,反対,市民団体,Webフォーム
724,値上げする場合でも、初年度は小幅にして段階的に移行する方法を検討してほしいです。（同種意見 61）,条件付き賛成,地域団体,説明会
725,子育てサークルは参加費を低く抑えているため、部屋代が上がると参加者負担に直結します。（同種意見 61）,反対,子育て団体,Webフォーム
726,地域の自主活動まで同じ料金体系にすると、住民同士の交流の場が減るのではないでしょうか。（同種意見 61）,反対,自治会,紙提出
727,高齢者の体操教室は健康づくりにもつながるので、減免の対象として残してほしいです。（同種意見 61）,条件付き賛成,高齢者団体,説明会
728,低所得の方も使える公共施設であるため、所得や活動目的に応じた配慮が必要です。（同種意見 61）,条件付き賛成,支援団体,Webフォーム
729,なぜこの金額になるのか、算定式や維持管理費の内訳が資料からは分かりません。（同種意見 61）,説明不足,一般利用者,Webフォーム
730,近隣自治体との比較だけでなく、施設の稼働率や利用目的ごとの影響も示してほしいです。（同種意見 61）,説明不足,市民団体,紙提出
731,意見募集期間が短く、利用団体内で十分に話し合う時間がありませんでした。（同種意見 61）,手続き懸念,地域団体,説明会
732,現行案だけでなく、段階導入案や時間帯別料金案など複数案を比較できると判断しやすいです。（同種意見 61）,代替案提案,一般利用者,Webフォーム
733,施設の老朽化が進んでいるので、維持管理費の一部を利用者が負担する考え方自体は理解できます。（同種意見 62）,条件付き賛成,一般利用者,Webフォーム
734,無料に近い料金のままでは将来の修繕費が不足すると思うので、根拠を示した上で見直すべきです。（同種意見 62）,賛成,一般利用者,紙提出
735,一度に倍近く上がると、定期利用している団体は活動回数を減らさざるを得ません。（同種意見 62）,反対,市民団体,Webフォーム
736,値上げする場合でも、初年度は小幅にして段階的に移行する方法を検討してほしいです。（同種意見 62）,条件付き賛成,地域団体,説明会
737,子育てサークルは参加費を低く抑えているため、部屋代が上がると参加者負担に直結します。（同種意見 62）,反対,子育て団体,Webフォーム
738,地域の自主活動まで同じ料金体系にすると、住民同士の交流の場が減るのではないでしょうか。（同種意見 62）,反対,自治会,紙提出
739,高齢者の体操教室は健康づくりにもつながるので、減免の対象として残してほしいです。（同種意見 62）,条件付き賛成,高齢者団体,説明会
740,低所得の方も使える公共施設であるため、所得や活動目的に応じた配慮が必要です。（同種意見 62）,条件付き賛成,支援団体,Webフォーム
741,なぜこの金額になるのか、算定式や維持管理費の内訳が資料からは分かりません。（同種意見 62）,説明不足,一般利用者,Webフォーム
742,近隣自治体との比較だけでなく、施設の稼働率や利用目的ごとの影響も示してほしいです。（同種意見 62）,説明不足,市民団体,紙提出
743,意見募集期間が短く、利用団体内で十分に話し合う時間がありませんでした。（同種意見 62）,手続き懸念,地域団体,説明会
744,現行案だけでなく、段階導入案や時間帯別料金案など複数案を比較できると判断しやすいです。（同種意見 62）,代替案提案,一般利用者,Webフォーム
745,施設の老朽化が進んでいるので、維持管理費の一部を利用者が負担する考え方自体は理解できます。（同種意見 63）,条件付き賛成,一般利用者,Webフォーム
746,無料に近い料金のままでは将来の修繕費が不足すると思うので、根拠を示した上で見直すべきです。（同種意見 63）,賛成,一般利用者,紙提出
747,一度に倍近く上がると、定期利用している団体は活動回数を減らさざるを得ません。（同種意見 63）,反対,市民団体,Webフォーム
748,値上げする場合でも、初年度は小幅にして段階的に移行する方法を検討してほしいです。（同種意見 63）,条件付き賛成,地域団体,説明会
749,子育てサークルは参加費を低く抑えているため、部屋代が上がると参加者負担に直結します。（同種意見 63）,反対,子育て団体,Webフォーム
750,地域の自主活動まで同じ料金体系にすると、住民同士の交流の場が減るのではないでしょうか。（同種意見 63）,反対,自治会,紙提出
751,高齢者の体操教室は健康づくりにもつながるので、減免の対象として残してほしいです。（同種意見 63）,条件付き賛成,高齢者団体,説明会
752,低所得の方も使える公共施設であるため、所得や活動目的に応じた配慮が必要です。（同種意見 63）,条件付き賛成,支援団体,Webフォーム
753,なぜこの金額になるのか、算定式や維持管理費の内訳が資料からは分かりません。（同種意見 63）,説明不足,一般利用者,Webフォーム
754,近隣自治体との比較だけでなく、施設の稼働率や利用目的ごとの影響も示してほしいです。（同種意見 63）,説明不足,市民団体,紙提出
755,意見募集期間が短く、利用団体内で十分に話し合う時間がありませんでした。（同種意見 63）,手続き懸念,地域団体,説明会
756,現行案だけでなく、段階導入案や時間帯別料金案など複数案を比較できると判断しやすいです。（同種意見 63）,代替案提案,一般利用者,Webフォーム
757,施設の老朽化が進んでいるので、維持管理費の一部を利用者が負担する考え方自体は理解できます。（同種意見 64）,条件付き賛成,一般利用者,Webフォーム
758,無料に近い料金のままでは将来の修繕費が不足すると思うので、根拠を示した上で見直すべきです。（同種意見 64）,賛成,一般利用者,紙提出
759,一度に倍近く上がると、定期利用している団体は活動回数を減らさざるを得ません。（同種意見 64）,反対,市民団体,Webフォーム
760,値上げする場合でも、初年度は小幅にして段階的に移行する方法を検討してほしいです。（同種意見 64）,条件付き賛成,地域団体,説明会
761,子育てサークルは参加費を低く抑えているため、部屋代が上がると参加者負担に直結します。（同種意見 64）,反対,子育て団体,Webフォーム
762,地域の自主活動まで同じ料金体系にすると、住民同士の交流の場が減るのではないでしょうか。（同種意見 64）,反対,自治会,紙提出
763,高齢者の体操教室は健康づくりにもつながるので、減免の対象として残してほしいです。（同種意見 64）,条件付き賛成,高齢者団体,説明会
764,低所得の方も使える公共施設であるため、所得や活動目的に応じた配慮が必要です。（同種意見 64）,条件付き賛成,支援団体,Webフォーム
765,なぜこの金額になるのか、算定式や維持管理費の内訳が資料からは分かりません。（同種意見 64）,説明不足,一般利用者,Webフォーム
766,近隣自治体との比較だけでなく、施設の稼働率や利用目的ごとの影響も示してほしいです。（同種意見 64）,説明不足,市民団体,紙提出
767,意見募集期間が短く、利用団体内で十分に話し合う時間がありませんでした。（同種意見 64）,手続き懸念,地域団体,説明会
768,現行案だけでなく、段階導入案や時間帯別料金案など複数案を比較できると判断しやすいです。（同種意見 64）,代替案提案,一般利用者,Webフォーム
769,施設の老朽化が進んでいるので、維持管理費の一部を利用者が負担する考え方自体は理解できます。（同種意見 65）,条件付き賛成,一般利用者,Webフォーム
770,無料に近い料金のままでは将来の修繕費が不足すると思うので、根拠を示した上で見直すべきです。（同種意見 65）,賛成,一般利用者,紙提出
771,一度に倍近く上がると、定期利用している団体は活動回数を減らさざるを得ません。（同種意見 65）,反対,市民団体,Webフォーム
772,値上げする場合でも、初年度は小幅にして段階的に移行する方法を検討してほしいです。（同種意見 65）,条件付き賛成,地域団体,説明会
773,子育てサークルは参加費を低く抑えているため、部屋代が上がると参加者負担に直結します。（同種意見 65）,反対,子育て団体,Webフォーム
774,地域の自主活動まで同じ料金体系にすると、住民同士の交流の場が減るのではないでしょうか。（同種意見 65）,反対,自治会,紙提出
775,高齢者の体操教室は健康づくりにもつながるので、減免の対象として残してほしいです。（同種意見 65）,条件付き賛成,高齢者団体,説明会
776,低所得の方も使える公共施設であるため、所得や活動目的に応じた配慮が必要です。（同種意見 65）,条件付き賛成,支援団体,Webフォーム
777,なぜこの金額になるのか、算定式や維持管理費の内訳が資料からは分かりません。（同種意見 65）,説明不足,一般利用者,Webフォーム
778,近隣自治体との比較だけでなく、施設の稼働率や利用目的ごとの影響も示してほしいです。（同種意見 65）,説明不足,市民団体,紙提出
779,意見募集期間が短く、利用団体内で十分に話し合う時間がありませんでした。（同種意見 65）,手続き懸念,地域団体,説明会
780,現行案だけでなく、段階導入案や時間帯別料金案など複数案を比較できると判断しやすいです。（同種意見 65）,代替案提案,一般利用者,Webフォーム
781,施設の老朽化が進んでいるので、維持管理費の一部を利用者が負担する考え方自体は理解できます。（同種意見 66）,条件付き賛成,一般利用者,Webフォーム
782,無料に近い料金のままでは将来の修繕費が不足すると思うので、根拠を示した上で見直すべきです。（同種意見 66）,賛成,一般利用者,紙提出
783,一度に倍近く上がると、定期利用している団体は活動回数を減らさざるを得ません。（同種意見 66）,反対,市民団体,Webフォーム
784,値上げする場合でも、初年度は小幅にして段階的に移行する方法を検討してほしいです。（同種意見 66）,条件付き賛成,地域団体,説明会
785,子育てサークルは参加費を低く抑えているため、部屋代が上がると参加者負担に直結します。（同種意見 66）,反対,子育て団体,Webフォーム
786,地域の自主活動まで同じ料金体系にすると、住民同士の交流の場が減るのではないでしょうか。（同種意見 66）,反対,自治会,紙提出
787,高齢者の体操教室は健康づくりにもつながるので、減免の対象として残してほしいです。（同種意見 66）,条件付き賛成,高齢者団体,説明会
788,低所得の方も使える公共施設であるため、所得や活動目的に応じた配慮が必要です。（同種意見 66）,条件付き賛成,支援団体,Webフォーム
789,なぜこの金額になるのか、算定式や維持管理費の内訳が資料からは分かりません。（同種意見 66）,説明不足,一般利用者,Webフォーム
790,近隣自治体との比較だけでなく、施設の稼働率や利用目的ごとの影響も示してほしいです。（同種意見 66）,説明不足,市民団体,紙提出
791,意見募集期間が短く、利用団体内で十分に話し合う時間がありませんでした。（同種意見 66）,手続き懸念,地域団体,説明会
792,現行案だけでなく、段階導入案や時間帯別料金案など複数案を比較できると判断しやすいです。（同種意見 66）,代替案提案,一般利用者,Webフォーム
793,施設の老朽化が進んでいるので、維持管理費の一部を利用者が負担する考え方自体は理解できます。（同種意見 67）,条件付き賛成,一般利用者,Webフォーム
794,無料に近い料金のままでは将来の修繕費が不足すると思うので、根拠を示した上で見直すべきです。（同種意見 67）,賛成,一般利用者,紙提出
795,一度に倍近く上がると、定期利用している団体は活動回数を減らさざるを得ません。（同種意見 67）,反対,市民団体,Webフォーム
796,値上げする場合でも、初年度は小幅にして段階的に移行する方法を検討してほしいです。（同種意見 67）,条件付き賛成,地域団体,説明会
797,子育てサークルは参加費を低く抑えているため、部屋代が上がると参加者負担に直結します。（同種意見 67）,反対,子育て団体,Webフォーム
798,地域の自主活動まで同じ料金体系にすると、住民同士の交流の場が減るのではないでしょうか。（同種意見 67）,反対,自治会,紙提出
799,高齢者の体操教室は健康づくりにもつながるので、減免の対象として残してほしいです。（同種意見 67）,条件付き賛成,高齢者団体,説明会
800,低所得の方も使える公共施設であるため、所得や活動目的に応じた配慮が必要です。（同種意見 67）,条件付き賛成,支援団体,Webフォーム
801,なぜこの金額になるのか、算定式や維持管理費の内訳が資料からは分かりません。（同種意見 67）,説明不足,一般利用者,Webフォーム
802,近隣自治体との比較だけでなく、施設の稼働率や利用目的ごとの影響も示してほしいです。（同種意見 67）,説明不足,市民団体,紙提出
803,意見募集期間が短く、利用団体内で十分に話し合う時間がありませんでした。（同種意見 67）,手続き懸念,地域団体,説明会
804,現行案だけでなく、段階導入案や時間帯別料金案など複数案を比較できると判断しやすいです。（同種意見 67）,代替案提案,一般利用者,Webフォーム
805,施設の老朽化が進んでいるので、維持管理費の一部を利用者が負担する考え方自体は理解できます。（同種意見 68）,条件付き賛成,一般利用者,Webフォーム
806,無料に近い料金のままでは将来の修繕費が不足すると思うので、根拠を示した上で見直すべきです。（同種意見 68）,賛成,一般利用者,紙提出
807,一度に倍近く上がると、定期利用している団体は活動回数を減らさざるを得ません。（同種意見 68）,反対,市民団体,Webフォーム
808,値上げする場合でも、初年度は小幅にして段階的に移行する方法を検討してほしいです。（同種意見 68）,条件付き賛成,地域団体,説明会
809,子育てサークルは参加費を低く抑えているため、部屋代が上がると参加者負担に直結します。（同種意見 68）,反対,子育て団体,Webフォーム
810,地域の自主活動まで同じ料金体系にすると、住民同士の交流の場が減るのではないでしょうか。（同種意見 68）,反対,自治会,紙提出
811,高齢者の体操教室は健康づくりにもつながるので、減免の対象として残してほしいです。（同種意見 68）,条件付き賛成,高齢者団体,説明会
812,低所得の方も使える公共施設であるため、所得や活動目的に応じた配慮が必要です。（同種意見 68）,条件付き賛成,支援団体,Webフォーム
813,なぜこの金額になるのか、算定式や維持管理費の内訳が資料からは分かりません。（同種意見 68）,説明不足,一般利用者,Webフォーム
814,近隣自治体との比較だけでなく、施設の稼働率や利用目的ごとの影響も示してほしいです。（同種意見 68）,説明不足,市民団体,紙提出
815,意見募集期間が短く、利用団体内で十分に話し合う時間がありませんでした。（同種意見 68）,手続き懸念,地域団体,説明会
816,現行案だけでなく、段階導入案や時間帯別料金案など複数案を比較できると判断しやすいです。（同種意見 68）,代替案提案,一般利用者,Webフォーム
817,施設の老朽化が進んでいるので、維持管理費の一部を利用者が負担する考え方自体は理解できます。（同種意見 69）,条件付き賛成,一般利用者,Webフォーム
818,無料に近い料金のままでは将来の修繕費が不足すると思うので、根拠を示した上で見直すべきです。（同種意見 69）,賛成,一般利用者,紙提出
819,一度に倍近く上がると、定期利用している団体は活動回数を減らさざるを得ません。（同種意見 69）,反対,市民団体,Webフォーム
820,値上げする場合でも、初年度は小幅にして段階的に移行する方法を検討してほしいです。（同種意見 69）,条件付き賛成,地域団体,説明会
821,子育てサークルは参加費を低く抑えているため、部屋代が上がると参加者負担に直結します。（同種意見 69）,反対,子育て団体,Webフォーム
822,地域の自主活動まで同じ料金体系にすると、住民同士の交流の場が減るのではないでしょうか。（同種意見 69）,反対,自治会,紙提出
823,高齢者の体操教室は健康づくりにもつながるので、減免の対象として残してほしいです。（同種意見 69）,条件付き賛成,高齢者団体,説明会
824,低所得の方も使える公共施設であるため、所得や活動目的に応じた配慮が必要です。（同種意見 69）,条件付き賛成,支援団体,Webフォーム
825,なぜこの金額になるのか、算定式や維持管理費の内訳が資料からは分かりません。（同種意見 69）,説明不足,一般利用者,Webフォーム
826,近隣自治体との比較だけでなく、施設の稼働率や利用目的ごとの影響も示してほしいです。（同種意見 69）,説明不足,市民団体,紙提出
827,意見募集期間が短く、利用団体内で十分に話し合う時間がありませんでした。（同種意見 69）,手続き懸念,地域団体,説明会
828,現行案だけでなく、段階導入案や時間帯別料金案など複数案を比較できると判断しやすいです。（同種意見 69）,代替案提案,一般利用者,Webフォーム
829,施設の老朽化が進んでいるので、維持管理費の一部を利用者が負担する考え方自体は理解できます。（同種意見 70）,条件付き賛成,一般利用者,Webフォーム
830,無料に近い料金のままでは将来の修繕費が不足すると思うので、根拠を示した上で見直すべきです。（同種意見 70）,賛成,一般利用者,紙提出
831,一度に倍近く上がると、定期利用している団体は活動回数を減らさざるを得ません。（同種意見 70）,反対,市民団体,Webフォーム
832,値上げする場合でも、初年度は小幅にして段階的に移行する方法を検討してほしいです。（同種意見 70）,条件付き賛成,地域団体,説明会
833,子育てサークルは参加費を低く抑えているため、部屋代が上がると参加者負担に直結します。（同種意見 70）,反対,子育て団体,Webフォーム
834,地域の自主活動まで同じ料金体系にすると、住民同士の交流の場が減るのではないでしょうか。（同種意見 70）,反対,自治会,紙提出
835,高齢者の体操教室は健康づくりにもつながるので、減免の対象として残してほしいです。（同種意見 70）,条件付き賛成,高齢者団体,説明会
836,低所得の方も使える公共施設であるため、所得や活動目的に応じた配慮が必要です。（同種意見 70）,条件付き賛成,支援団体,Webフォーム
837,なぜこの金額になるのか、算定式や維持管理費の内訳が資料からは分かりません。（同種意見 70）,説明不足,一般利用者,Webフォーム
838,近隣自治体との比較だけでなく、施設の稼働率や利用目的ごとの影響も示してほしいです。（同種意見 70）,説明不足,市民団体,紙提出
839,意見募集期間が短く、利用団体内で十分に話し合う時間がありませんでした。（同種意見 70）,手続き懸念,地域団体,説明会
840,現行案だけでなく、段階導入案や時間帯別料金案など複数案を比較できると判断しやすいです。（同種意見 70）,代替案提案,一般利用者,Webフォーム
841,施設の老朽化が進んでいるので、維持管理費の一部を利用者が負担する考え方自体は理解できます。（同種意見 71）,条件付き賛成,一般利用者,Webフォーム
842,無料に近い料金のままでは将来の修繕費が不足すると思うので、根拠を示した上で見直すべきです。（同種意見 71）,賛成,一般利用者,紙提出
843,一度に倍近く上がると、定期利用している団体は活動回数を減らさざるを得ません。（同種意見 71）,反対,市民団体,Webフォーム
844,値上げする場合でも、初年度は小幅にして段階的に移行する方法を検討してほしいです。（同種意見 71）,条件付き賛成,地域団体,説明会
845,子育てサークルは参加費を低く抑えているため、部屋代が上がると参加者負担に直結します。（同種意見 71）,反対,子育て団体,Webフォーム
846,地域の自主活動まで同じ料金体系にすると、住民同士の交流の場が減るのではないでしょうか。（同種意見 71）,反対,自治会,紙提出
847,高齢者の体操教室は健康づくりにもつながるので、減免の対象として残してほしいです。（同種意見 71）,条件付き賛成,高齢者団体,説明会
848,低所得の方も使える公共施設であるため、所得や活動目的に応じた配慮が必要です。（同種意見 71）,条件付き賛成,支援団体,Webフォーム
849,なぜこの金額になるのか、算定式や維持管理費の内訳が資料からは分かりません。（同種意見 71）,説明不足,一般利用者,Webフォーム
850,近隣自治体との比較だけでなく、施設の稼働率や利用目的ごとの影響も示してほしいです。（同種意見 71）,説明不足,市民団体,紙提出
851,意見募集期間が短く、利用団体内で十分に話し合う時間がありませんでした。（同種意見 71）,手続き懸念,地域団体,説明会
852,現行案だけでなく、段階導入案や時間帯別料金案など複数案を比較できると判断しやすいです。（同種意見 71）,代替案提案,一般利用者,Webフォーム
853,施設の老朽化が進んでいるので、維持管理費の一部を利用者が負担する考え方自体は理解できます。（同種意見 72）,条件付き賛成,一般利用者,Webフォーム
854,無料に近い料金のままでは将来の修繕費が不足すると思うので、根拠を示した上で見直すべきです。（同種意見 72）,賛成,一般利用者,紙提出
855,一度に倍近く上がると、定期利用している団体は活動回数を減らさざるを得ません。（同種意見 72）,反対,市民団体,Webフォーム
856,値上げする場合でも、初年度は小幅にして段階的に移行する方法を検討してほしいです。（同種意見 72）,条件付き賛成,地域団体,説明会
857,子育てサークルは参加費を低く抑えているため、部屋代が上がると参加者負担に直結します。（同種意見 72）,反対,子育て団体,Webフォーム
858,地域の自主活動まで同じ料金体系にすると、住民同士の交流の場が減るのではないでしょうか。（同種意見 72）,反対,自治会,紙提出
859,高齢者の体操教室は健康づくりにもつながるので、減免の対象として残してほしいです。（同種意見 72）,条件付き賛成,高齢者団体,説明会
860,低所得の方も使える公共施設であるため、所得や活動目的に応じた配慮が必要です。（同種意見 72）,条件付き賛成,支援団体,Webフォーム
861,なぜこの金額になるのか、算定式や維持管理費の内訳が資料からは分かりません。（同種意見 72）,説明不足,一般利用者,Webフォーム
862,近隣自治体との比較だけでなく、施設の稼働率や利用目的ごとの影響も示してほしいです。（同種意見 72）,説明不足,市民団体,紙提出
863,意見募集期間が短く、利用団体内で十分に話し合う時間がありませんでした。（同種意見 72）,手続き懸念,地域団体,説明会
864,現行案だけでなく、段階導入案や時間帯別料金案など複数案を比較できると判断しやすいです。（同種意見 72）,代替案提案,一般利用者,Webフォーム
865,施設の老朽化が進んでいるので、維持管理費の一部を利用者が負担する考え方自体は理解できます。（同種意見 73）,条件付き賛成,一般利用者,Webフォーム
866,無料に近い料金のままでは将来の修繕費が不足すると思うので、根拠を示した上で見直すべきです。（同種意見 73）,賛成,一般利用者,紙提出
867,一度に倍近く上がると、定期利用している団体は活動回数を減らさざるを得ません。（同種意見 73）,反対,市民団体,Webフォーム
868,値上げする場合でも、初年度は小幅にして段階的に移行する方法を検討してほしいです。（同種意見 73）,条件付き賛成,地域団体,説明会
869,子育てサークルは参加費を低く抑えているため、部屋代が上がると参加者負担に直結します。（同種意見 73）,反対,子育て団体,Webフォーム
870,地域の自主活動まで同じ料金体系にすると、住民同士の交流の場が減るのではないでしょうか。（同種意見 73）,反対,自治会,紙提出
871,高齢者の体操教室は健康づくりにもつながるので、減免の対象として残してほしいです。（同種意見 73）,条件付き賛成,高齢者団体,説明会
872,低所得の方も使える公共施設であるため、所得や活動目的に応じた配慮が必要です。（同種意見 73）,条件付き賛成,支援団体,Webフォーム
873,なぜこの金額になるのか、算定式や維持管理費の内訳が資料からは分かりません。（同種意見 73）,説明不足,一般利用者,Webフォーム
874,近隣自治体との比較だけでなく、施設の稼働率や利用目的ごとの影響も示してほしいです。（同種意見 73）,説明不足,市民団体,紙提出
875,意見募集期間が短く、利用団体内で十分に話し合う時間がありませんでした。（同種意見 73）,手続き懸念,地域団体,説明会
876,現行案だけでなく、段階導入案や時間帯別料金案など複数案を比較できると判断しやすいです。（同種意見 73）,代替案提案,一般利用者,Webフォーム
877,施設の老朽化が進んでいるので、維持管理費の一部を利用者が負担する考え方自体は理解できます。（同種意見 74）,条件付き賛成,一般利用者,Webフォーム
878,無料に近い料金のままでは将来の修繕費が不足すると思うので、根拠を示した上で見直すべきです。（同種意見 74）,賛成,一般利用者,紙提出
879,一度に倍近く上がると、定期利用している団体は活動回数を減らさざるを得ません。（同種意見 74）,反対,市民団体,Webフォーム
880,値上げする場合でも、初年度は小幅にして段階的に移行する方法を検討してほしいです。（同種意見 74）,条件付き賛成,地域団体,説明会
881,子育てサークルは参加費を低く抑えているため、部屋代が上がると参加者負担に直結します。（同種意見 74）,反対,子育て団体,Webフォーム
882,地域の自主活動まで同じ料金体系にすると、住民同士の交流の場が減るのではないでしょうか。（同種意見 74）,反対,自治会,紙提出
883,高齢者の体操教室は健康づくりにもつながるので、減免の対象として残してほしいです。（同種意見 74）,条件付き賛成,高齢者団体,説明会
884,低所得の方も使える公共施設であるため、所得や活動目的に応じた配慮が必要です。（同種意見 74）,条件付き賛成,支援団体,Webフォーム
885,なぜこの金額になるのか、算定式や維持管理費の内訳が資料からは分かりません。（同種意見 74）,説明不足,一般利用者,Webフォーム
886,近隣自治体との比較だけでなく、施設の稼働率や利用目的ごとの影響も示してほしいです。（同種意見 74）,説明不足,市民団体,紙提出
887,意見募集期間が短く、利用団体内で十分に話し合う時間がありませんでした。（同種意見 74）,手続き懸念,地域団体,説明会
888,現行案だけでなく、段階導入案や時間帯別料金案など複数案を比較できると判断しやすいです。（同種意見 74）,代替案提案,一般利用者,Webフォーム
889,施設の老朽化が進んでいるので、維持管理費の一部を利用者が負担する考え方自体は理解できます。（同種意見 75）,条件付き賛成,一般利用者,Webフォーム
890,無料に近い料金のままでは将来の修繕費が不足すると思うので、根拠を示した上で見直すべきです。（同種意見 75）,賛成,一般利用者,紙提出
891,一度に倍近く上がると、定期利用している団体は活動回数を減らさざるを得ません。（同種意見 75）,反対,市民団体,Webフォーム
892,値上げする場合でも、初年度は小幅にして段階的に移行する方法を検討してほしいです。（同種意見 75）,条件付き賛成,地域団体,説明会
893,子育てサークルは参加費を低く抑えているため、部屋代が上がると参加者負担に直結します。（同種意見 75）,反対,子育て団体,Webフォーム
894,地域の自主活動まで同じ料金体系にすると、住民同士の交流の場が減るのではないでしょうか。（同種意見 75）,反対,自治会,紙提出
895,高齢者の体操教室は健康づくりにもつながるので、減免の対象として残してほしいです。（同種意見 75）,条件付き賛成,高齢者団体,説明会
896,低所得の方も使える公共施設であるため、所得や活動目的に応じた配慮が必要です。（同種意見 75）,条件付き賛成,支援団体,Webフォーム
897,なぜこの金額になるのか、算定式や維持管理費の内訳が資料からは分かりません。（同種意見 75）,説明不足,一般利用者,Webフォーム
898,近隣自治体との比較だけでなく、施設の稼働率や利用目的ごとの影響も示してほしいです。（同種意見 75）,説明不足,市民団体,紙提出
899,意見募集期間が短く、利用団体内で十分に話し合う時間がありませんでした。（同種意見 75）,手続き懸念,地域団体,説明会
900,現行案だけでなく、段階導入案や時間帯別料金案など複数案を比較できると判断しやすいです。（同種意見 75）,代替案提案,一般利用者,Webフォーム
901,施設の老朽化が進んでいるので、維持管理費の一部を利用者が負担する考え方自体は理解できます。（同種意見 76）,条件付き賛成,一般利用者,Webフォーム
902,無料に近い料金のままでは将来の修繕費が不足すると思うので、根拠を示した上で見直すべきです。（同種意見 76）,賛成,一般利用者,紙提出
903,一度に倍近く上がると、定期利用している団体は活動回数を減らさざるを得ません。（同種意見 76）,反対,市民団体,Webフォーム
904,値上げする場合でも、初年度は小幅にして段階的に移行する方法を検討してほしいです。（同種意見 76）,条件付き賛成,地域団体,説明会
905,子育てサークルは参加費を低く抑えているため、部屋代が上がると参加者負担に直結します。（同種意見 76）,反対,子育て団体,Webフォーム
906,地域の自主活動まで同じ料金体系にすると、住民同士の交流の場が減るのではないでしょうか。（同種意見 76）,反対,自治会,紙提出
907,高齢者の体操教室は健康づくりにもつながるので、減免の対象として残してほしいです。（同種意見 76）,条件付き賛成,高齢者団体,説明会
908,低所得の方も使える公共施設であるため、所得や活動目的に応じた配慮が必要です。（同種意見 76）,条件付き賛成,支援団体,Webフォーム
909,なぜこの金額になるのか、算定式や維持管理費の内訳が資料からは分かりません。（同種意見 76）,説明不足,一般利用者,Webフォーム
910,近隣自治体との比較だけでなく、施設の稼働率や利用目的ごとの影響も示してほしいです。（同種意見 76）,説明不足,市民団体,紙提出
911,意見募集期間が短く、利用団体内で十分に話し合う時間がありませんでした。（同種意見 76）,手続き懸念,地域団体,説明会
912,現行案だけでなく、段階導入案や時間帯別料金案など複数案を比較できると判断しやすいです。（同種意見 76）,代替案提案,一般利用者,Webフォーム
913,施設の老朽化が進んでいるので、維持管理費の一部を利用者が負担する考え方自体は理解できます。（同種意見 77）,条件付き賛成,一般利用者,Webフォーム
914,無料に近い料金のままでは将来の修繕費が不足すると思うので、根拠を示した上で見直すべきです。（同種意見 77）,賛成,一般利用者,紙提出
915,一度に倍近く上がると、定期利用している団体は活動回数を減らさざるを得ません。（同種意見 77）,反対,市民団体,Webフォーム
916,値上げする場合でも、初年度は小幅にして段階的に移行する方法を検討してほしいです。（同種意見 77）,条件付き賛成,地域団体,説明会
917,子育てサークルは参加費を低く抑えているため、部屋代が上がると参加者負担に直結します。（同種意見 77）,反対,子育て団体,Webフォーム
918,地域の自主活動まで同じ料金体系にすると、住民同士の交流の場が減るのではないでしょうか。（同種意見 77）,反対,自治会,紙提出
919,高齢者の体操教室は健康づくりにもつながるので、減免の対象として残してほしいです。（同種意見 77）,条件付き賛成,高齢者団体,説明会
920,低所得の方も使える公共施設であるため、所得や活動目的に応じた配慮が必要です。（同種意見 77）,条件付き賛成,支援団体,Webフォーム
921,なぜこの金額になるのか、算定式や維持管理費の内訳が資料からは分かりません。（同種意見 77）,説明不足,一般利用者,Webフォーム
922,近隣自治体との比較だけでなく、施設の稼働率や利用目的ごとの影響も示してほしいです。（同種意見 77）,説明不足,市民団体,紙提出
923,意見募集期間が短く、利用団体内で十分に話し合う時間がありませんでした。（同種意見 77）,手続き懸念,地域団体,説明会
924,現行案だけでなく、段階導入案や時間帯別料金案など複数案を比較できると判断しやすいです。（同種意見 77）,代替案提案,一般利用者,Webフォーム
925,施設の老朽化が進んでいるので、維持管理費の一部を利用者が負担する考え方自体は理解できます。（同種意見 78）,条件付き賛成,一般利用者,Webフォーム
926,無料に近い料金のままでは将来の修繕費が不足すると思うので、根拠を示した上で見直すべきです。（同種意見 78）,賛成,一般利用者,紙提出
927,一度に倍近く上がると、定期利用している団体は活動回数を減らさざるを得ません。（同種意見 78）,反対,市民団体,Webフォーム
928,値上げする場合でも、初年度は小幅にして段階的に移行する方法を検討してほしいです。（同種意見 78）,条件付き賛成,地域団体,説明会
929,子育てサークルは参加費を低く抑えているため、部屋代が上がると参加者負担に直結します。（同種意見 78）,反対,子育て団体,Webフォーム
930,地域の自主活動まで同じ料金体系にすると、住民同士の交流の場が減るのではないでしょうか。（同種意見 78）,反対,自治会,紙提出
931,高齢者の体操教室は健康づくりにもつながるので、減免の対象として残してほしいです。（同種意見 78）,条件付き賛成,高齢者団体,説明会
932,低所得の方も使える公共施設であるため、所得や活動目的に応じた配慮が必要です。（同種意見 78）,条件付き賛成,支援団体,Webフォーム
933,なぜこの金額になるのか、算定式や維持管理費の内訳が資料からは分かりません。（同種意見 78）,説明不足,一般利用者,Webフォーム
934,近隣自治体との比較だけでなく、施設の稼働率や利用目的ごとの影響も示してほしいです。（同種意見 78）,説明不足,市民団体,紙提出
935,意見募集期間が短く、利用団体内で十分に話し合う時間がありませんでした。（同種意見 78）,手続き懸念,地域団体,説明会
936,現行案だけでなく、段階導入案や時間帯別料金案など複数案を比較できると判断しやすいです。（同種意見 78）,代替案提案,一般利用者,Webフォーム
937,施設の老朽化が進んでいるので、維持管理費の一部を利用者が負担する考え方自体は理解できます。（同種意見 79）,条件付き賛成,一般利用者,Webフォーム
938,無料に近い料金のままでは将来の修繕費が不足すると思うので、根拠を示した上で見直すべきです。（同種意見 79）,賛成,一般利用者,紙提出
939,一度に倍近く上がると、定期利用している団体は活動回数を減らさざるを得ません。（同種意見 79）,反対,市民団体,Webフォーム
940,値上げする場合でも、初年度は小幅にして段階的に移行する方法を検討してほしいです。（同種意見 79）,条件付き賛成,地域団体,説明会
941,子育てサークルは参加費を低く抑えているため、部屋代が上がると参加者負担に直結します。（同種意見 79）,反対,子育て団体,Webフォーム
942,地域の自主活動まで同じ料金体系にすると、住民同士の交流の場が減るのではないでしょうか。（同種意見 79）,反対,自治会,紙提出
943,高齢者の体操教室は健康づくりにもつながるので、減免の対象として残してほしいです。（同種意見 79）,条件付き賛成,高齢者団体,説明会
944,低所得の方も使える公共施設であるため、所得や活動目的に応じた配慮が必要です。（同種意見 79）,条件付き賛成,支援団体,Webフォーム
945,なぜこの金額になるのか、算定式や維持管理費の内訳が資料からは分かりません。（同種意見 79）,説明不足,一般利用者,Webフォーム
946,近隣自治体との比較だけでなく、施設の稼働率や利用目的ごとの影響も示してほしいです。（同種意見 79）,説明不足,市民団体,紙提出
947,意見募集期間が短く、利用団体内で十分に話し合う時間がありませんでした。（同種意見 79）,手続き懸念,地域団体,説明会
948,現行案だけでなく、段階導入案や時間帯別料金案など複数案を比較できると判断しやすいです。（同種意見 79）,代替案提案,一般利用者,Webフォーム
949,施設の老朽化が進んでいるので、維持管理費の一部を利用者が負担する考え方自体は理解できます。（同種意見 80）,条件付き賛成,一般利用者,Webフォーム
950,無料に近い料金のままでは将来の修繕費が不足すると思うので、根拠を示した上で見直すべきです。（同種意見 80）,賛成,一般利用者,紙提出
951,一度に倍近く上がると、定期利用している団体は活動回数を減らさざるを得ません。（同種意見 80）,反対,市民団体,Webフォーム
952,値上げする場合でも、初年度は小幅にして段階的に移行する方法を検討してほしいです。（同種意見 80）,条件付き賛成,地域団体,説明会
953,子育てサークルは参加費を低く抑えているため、部屋代が上がると参加者負担に直結します。（同種意見 80）,反対,子育て団体,Webフォーム
954,地域の自主活動まで同じ料金体系にすると、住民同士の交流の場が減るのではないでしょうか。（同種意見 80）,反対,自治会,紙提出
955,高齢者の体操教室は健康づくりにもつながるので、減免の対象として残してほしいです。（同種意見 80）,条件付き賛成,高齢者団体,説明会
956,低所得の方も使える公共施設であるため、所得や活動目的に応じた配慮が必要です。（同種意見 80）,条件付き賛成,支援団体,Webフォーム
957,なぜこの金額になるのか、算定式や維持管理費の内訳が資料からは分かりません。（同種意見 80）,説明不足,一般利用者,Webフォーム
958,近隣自治体との比較だけでなく、施設の稼働率や利用目的ごとの影響も示してほしいです。（同種意見 80）,説明不足,市民団体,紙提出
959,意見募集期間が短く、利用団体内で十分に話し合う時間がありませんでした。（同種意見 80）,手続き懸念,地域団体,説明会
960,現行案だけでなく、段階導入案や時間帯別料金案など複数案を比較できると判断しやすいです。（同種意見 80）,代替案提案,一般利用者,Webフォーム
961,施設の老朽化が進んでいるので、維持管理費の一部を利用者が負担する考え方自体は理解できます。（同種意見 81）,条件付き賛成,一般利用者,Webフォーム
962,無料に近い料金のままでは将来の修繕費が不足すると思うので、根拠を示した上で見直すべきです。（同種意見 81）,賛成,一般利用者,紙提出
963,一度に倍近く上がると、定期利用している団体は活動回数を減らさざるを得ません。（同種意見 81）,反対,市民団体,Webフォーム
964,値上げする場合でも、初年度は小幅にして段階的に移行する方法を検討してほしいです。（同種意見 81）,条件付き賛成,地域団体,説明会
965,子育てサークルは参加費を低く抑えているため、部屋代が上がると参加者負担に直結します。（同種意見 81）,反対,子育て団体,Webフォーム
966,地域の自主活動まで同じ料金体系にすると、住民同士の交流の場が減るのではないでしょうか。（同種意見 81）,反対,自治会,紙提出
967,高齢者の体操教室は健康づくりにもつながるので、減免の対象として残してほしいです。（同種意見 81）,条件付き賛成,高齢者団体,説明会
968,低所得の方も使える公共施設であるため、所得や活動目的に応じた配慮が必要です。（同種意見 81）,条件付き賛成,支援団体,Webフォーム
969,なぜこの金額になるのか、算定式や維持管理費の内訳が資料からは分かりません。（同種意見 81）,説明不足,一般利用者,Webフォーム
970,近隣自治体との比較だけでなく、施設の稼働率や利用目的ごとの影響も示してほしいです。（同種意見 81）,説明不足,市民団体,紙提出
971,意見募集期間が短く、利用団体内で十分に話し合う時間がありませんでした。（同種意見 81）,手続き懸念,地域団体,説明会
972,現行案だけでなく、段階導入案や時間帯別料金案など複数案を比較できると判断しやすいです。（同種意見 81）,代替案提案,一般利用者,Webフォーム
973,施設の老朽化が進んでいるので、維持管理費の一部を利用者が負担する考え方自体は理解できます。（同種意見 82）,条件付き賛成,一般利用者,Webフォーム
974,無料に近い料金のままでは将来の修繕費が不足すると思うので、根拠を示した上で見直すべきです。（同種意見 82）,賛成,一般利用者,紙提出
975,一度に倍近く上がると、定期利用している団体は活動回数を減らさざるを得ません。（同種意見 82）,反対,市民団体,Webフォーム
976,値上げする場合でも、初年度は小幅にして段階的に移行する方法を検討してほしいです。（同種意見 82）,条件付き賛成,地域団体,説明会
977,子育てサークルは参加費を低く抑えているため、部屋代が上がると参加者負担に直結します。（同種意見 82）,反対,子育て団体,Webフォーム
978,地域の自主活動まで同じ料金体系にすると、住民同士の交流の場が減るのではないでしょうか。（同種意見 82）,反対,自治会,紙提出
979,高齢者の体操教室は健康づくりにもつながるので、減免の対象として残してほしいです。（同種意見 82）,条件付き賛成,高齢者団体,説明会
980,低所得の方も使える公共施設であるため、所得や活動目的に応じた配慮が必要です。（同種意見 82）,条件付き賛成,支援団体,Webフォーム
981,なぜこの金額になるのか、算定式や維持管理費の内訳が資料からは分かりません。（同種意見 82）,説明不足,一般利用者,Webフォーム
982,近隣自治体との比較だけでなく、施設の稼働率や利用目的ごとの影響も示してほしいです。（同種意見 82）,説明不足,市民団体,紙提出
983,意見募集期間が短く、利用団体内で十分に話し合う時間がありませんでした。（同種意見 82）,手続き懸念,地域団体,説明会
984,現行案だけでなく、段階導入案や時間帯別料金案など複数案を比較できると判断しやすいです。（同種意見 82）,代替案提案,一般利用者,Webフォーム
985,施設の老朽化が進んでいるので、維持管理費の一部を利用者が負担する考え方自体は理解できます。（同種意見 83）,条件付き賛成,一般利用者,Webフォーム
986,無料に近い料金のままでは将来の修繕費が不足すると思うので、根拠を示した上で見直すべきです。（同種意見 83）,賛成,一般利用者,紙提出
987,一度に倍近く上がると、定期利用している団体は活動回数を減らさざるを得ません。（同種意見 83）,反対,市民団体,Webフォーム
988,値上げする場合でも、初年度は小幅にして段階的に移行する方法を検討してほしいです。（同種意見 83）,条件付き賛成,地域団体,説明会
989,子育てサークルは参加費を低く抑えているため、部屋代が上がると参加者負担に直結します。（同種意見 83）,反対,子育て団体,Webフォーム
990,地域の自主活動まで同じ料金体系にすると、住民同士の交流の場が減るのではないでしょうか。（同種意見 83）,反対,自治会,紙提出
991,高齢者の体操教室は健康づくりにもつながるので、減免の対象として残してほしいです。（同種意見 83）,条件付き賛成,高齢者団体,説明会
992,低所得の方も使える公共施設であるため、所得や活動目的に応じた配慮が必要です。（同種意見 83）,条件付き賛成,支援団体,Webフォーム
993,なぜこの金額になるのか、算定式や維持管理費の内訳が資料からは分かりません。（同種意見 83）,説明不足,一般利用者,Webフォーム
994,近隣自治体との比較だけでなく、施設の稼働率や利用目的ごとの影響も示してほしいです。（同種意見 83）,説明不足,市民団体,紙提出
995,意見募集期間が短く、利用団体内で十分に話し合う時間がありませんでした。（同種意見 83）,手続き懸念,地域団体,説明会
996,現行案だけでなく、段階導入案や時間帯別料金案など複数案を比較できると判断しやすいです。（同種意見 83）,代替案提案,一般利用者,Webフォーム
997,施設の老朽化が進んでいるので、維持管理費の一部を利用者が負担する考え方自体は理解できます。（同種意見 84）,条件付き賛成,一般利用者,Webフォーム
998,無料に近い料金のままでは将来の修繕費が不足すると思うので、根拠を示した上で見直すべきです。（同種意見 84）,賛成,一般利用者,紙提出
999,一度に倍近く上がると、定期利用している団体は活動回数を減らさざるを得ません。（同種意見 84）,反対,市民団体,Webフォーム
1000,値上げする場合でも、初年度は小幅にして段階的に移行する方法を検討してほしいです。（同種意見 84）,条件付き賛成,地域団体,説明会
